metric,condition,reference,gene,mean_condition,mean_reference,diff,sd_diff,t,p,d_z,folds_cond,folds_ref
auprc,proposed_abmil_concat,baseline2_abmil_embeddings,TP53,0.7014309671326947,0.6950283799073318,0.006402587225362954,0.015309894639247139,0.9351220635498343,0.4026654971184519,0.41819930027146157,0.715;0.605;0.752;0.725;0.709,0.728;0.612;0.727;0.713;0.695
auprc,proposed_abmil_concat,baseline2_abmil_embeddings,EGFR,0.327098821618,0.3596644312296565,-0.03256560961165648,0.04560317749746172,-1.5967948028278844,0.18554843205715,-0.7141083450483047,0.325;0.358;0.297;0.315;0.341,0.320;0.337;0.341;0.369;0.432
auprc,proposed_abmil_concat,baseline2_abmil_embeddings,KRAS,0.3597258229363536,0.35959783238237664,0.00012799055397695326,0.012377042623809167,0.023123098778037806,0.9826596074274425,0.010340964143626969,0.418;0.306;0.286;0.420;0.370,0.404;0.314;0.289;0.433;0.357
auprc,proposed_abmil_concat,baseline2_abmil_embeddings,STK11,0.30877609553403945,0.3061927477053394,0.002583347828700122,0.04552911757927038,0.12687575911047397,0.9051609594255258,0.056740564413581614,0.356;0.224;0.319;0.373;0.272,0.356;0.203;0.387;0.316;0.269
auprc,proposed_abmil_concat,baseline2_abmil_embeddings,KEAP1,0.2845182584981621,0.2639696456013221,0.02054861289684004,0.04324388396949574,1.0625339600179071,0.34788556725609054,0.47517963260041685,0.214;0.267;0.378;0.311;0.252,0.233;0.270;0.384;0.229;0.202
auprc,proposed_abmil_concat,baseline2_abmil_embeddings,RBM10,0.17579111960431748,0.2040811878834669,-0.028290068279149455,0.0483501215890973,-1.3083424339216791,0.26087139397197484,-0.5851085240192802,0.250;0.161;0.154;0.166;0.148,0.238;0.182;0.236;0.240;0.125
auprc,ablation_abmil_onehot,baseline2_abmil_embeddings,TP53,0.6983434135445972,0.6950283799073318,0.00331503363726533,0.01400638441867336,0.5292329796932533,0.6246524207088904,0.23668018370577604,0.742;0.614;0.717;0.703;0.716,0.728;0.612;0.727;0.713;0.695
auprc,ablation_abmil_onehot,baseline2_abmil_embeddings,EGFR,0.34232668898479357,0.3596644312296565,-0.017337742244862897,0.020303703022345868,-1.909423625494104,0.1288314599764,-0.8539202048897834,0.310;0.319;0.293;0.377;0.413,0.320;0.337;0.341;0.369;0.432
auprc,ablation_abmil_onehot,baseline2_abmil_embeddings,KRAS,0.3735485708629308,0.35959783238237664,0.01395073848055418,0.042421604907750335,0.7353517069115424,0.5029136087476768,0.3288592808049422,0.400;0.324;0.284;0.521;0.338,0.404;0.314;0.289;0.433;0.357
auprc,ablation_abmil_onehot,baseline2_abmil_embeddings,STK11,0.3441406595600721,0.3061927477053394,0.03794791185473277,0.034608117237686906,2.4518557287753793,0.07030469109723918,1.0965032161128072,0.366;0.271;0.427;0.391;0.265,0.356;0.203;0.387;0.316;0.269
auprc,ablation_abmil_onehot,baseline2_abmil_embeddings,KEAP1,0.2702355088312966,0.2639696456013221,0.006265863229974566,0.035419826759158245,0.39556647792798233,0.7126150453593597,0.17690270685342774,0.192;0.253;0.409;0.245;0.252,0.233;0.270;0.384;0.229;0.202
auprc,ablation_abmil_onehot,baseline2_abmil_embeddings,RBM10,0.17461764721733483,0.2040811878834669,-0.02946354066613207,0.033956258429075264,-1.94021611435518,0.12434648093594967,-0.8676910245477377,0.241;0.178;0.153;0.207;0.094,0.238;0.182;0.236;0.240;0.125
auprc,proposed_fuzzy_choquet,baseline2_abmil_embeddings,TP53,0.7060369250094846,0.6950283799073318,0.0110085451021529,0.027659897353715285,0.8899474523349902,0.4237826091637088,0.39799659996475834,0.744;0.657;0.717;0.690;0.722,0.728;0.612;0.727;0.713;0.695
auprc,proposed_fuzzy_choquet,baseline2_abmil_embeddings,EGFR,0.3157572398400238,0.3596644312296565,-0.043907191389632734,0.06508131423873673,-1.508566103753869,0.20590558309844564,-0.6746512713091303,0.337;0.351;0.296;0.228;0.367,0.320;0.337;0.341;0.369;0.432
auprc,proposed_fuzzy_choquet,baseline2_abmil_embeddings,KRAS,0.37660229718228816,0.35959783238237664,0.01700446479991158,0.02873471742548305,1.3232473683518553,0.2563224635648935,0.5917742133364905,0.436;0.373;0.299;0.418;0.357,0.404;0.314;0.289;0.433;0.357
auprc,proposed_fuzzy_choquet,baseline2_abmil_embeddings,STK11,0.2710049133517685,0.3061927477053394,-0.03518783435357088,0.07526631851545651,-1.04538645103824,0.3548548158657312,-0.4675110334557521,0.344;0.268;0.258;0.227;0.257,0.356;0.203;0.387;0.316;0.269
auprc,proposed_fuzzy_choquet,baseline2_abmil_embeddings,KEAP1,0.2622227621424239,0.2639696456013221,-0.0017468834588981962,0.04757951671829814,-0.0820973064100943,0.9385133258141856,-0.036715031580520016,0.208;0.327;0.315;0.238;0.222,0.233;0.270;0.384;0.229;0.202
auprc,proposed_fuzzy_choquet,baseline2_abmil_embeddings,RBM10,0.17997655446657607,0.2040811878834669,-0.024104633416890852,0.06330624154319084,-0.8514105020135785,0.44251150003494083,-0.38076235185191665,0.250;0.187;0.104;0.211;0.149,0.238;0.182;0.236;0.240;0.125
auprc,proposed_fuzzy_choquet,proposed_abmil_concat,TP53,0.7060369250094846,0.7014309671326947,0.004605957876789945,0.03861755778184579,0.2666982457094843,0.8028860247348566,0.11927108137726972,0.744;0.657;0.717;0.690;0.722,0.715;0.605;0.752;0.725;0.709
auprc,proposed_fuzzy_choquet,proposed_abmil_concat,EGFR,0.3157572398400238,0.327098821618,-0.011341581777976256,0.04413842865548247,-0.5745684339122431,0.5963517439353766,-0.2569548151906742,0.337;0.351;0.296;0.228;0.367,0.325;0.358;0.297;0.315;0.341
auprc,proposed_fuzzy_choquet,proposed_abmil_concat,KRAS,0.37660229718228816,0.3597258229363536,0.016876474245934626,0.030574291580448807,1.234270417521817,0.28465867203662765,0.5519825112391661,0.436;0.373;0.299;0.418;0.357,0.418;0.306;0.286;0.420;0.370
auprc,proposed_fuzzy_choquet,proposed_abmil_concat,STK11,0.2710049133517685,0.30877609553403945,-0.037771182182271004,0.07099649232337168,-1.1896211796689478,0.2999808924167015,-0.5320147650426515,0.344;0.268;0.258;0.227;0.257,0.356;0.224;0.319;0.373;0.272
auprc,proposed_fuzzy_choquet,proposed_abmil_concat,KEAP1,0.2622227621424239,0.2845182584981621,-0.022295496355738235,0.05315412714167787,-0.9379186175072955,0.40138777347162985,-0.41944995722178746,0.208;0.327;0.315;0.238;0.222,0.214;0.267;0.378;0.311;0.252
auprc,proposed_fuzzy_choquet,proposed_abmil_concat,RBM10,0.17997655446657607,0.17579111960431748,0.004185434862258605,0.036006507314682724,0.2599229296419798,0.8077538162501643,0.11624106791807239,0.250;0.187;0.104;0.211;0.149,0.250;0.161;0.154;0.166;0.148
auprc,proposed_abmil_concat,ablation_abmil_onehot,TP53,0.7014309671326947,0.6983434135445972,0.0030875535880976247,0.02505330493886617,0.27557161516240763,0.7965272241602088,0.12323937283451103,0.715;0.605;0.752;0.725;0.709,0.742;0.614;0.717;0.703;0.716
auprc,proposed_abmil_concat,ablation_abmil_onehot,EGFR,0.327098821618,0.34232668898479357,-0.015227867366793579,0.04911916313457323,-0.6932232638249938,0.5263175039638178,-0.3100188682993914,0.325;0.358;0.297;0.315;0.341,0.310;0.319;0.293;0.377;0.413
auprc,proposed_abmil_concat,ablation_abmil_onehot,KRAS,0.3597258229363536,0.3735485708629308,-0.013822747926577228,0.05218206371973938,-0.5923223766249566,0.5854955755963487,-0.2648946197455271,0.418;0.306;0.286;0.420;0.370,0.400;0.324;0.284;0.521;0.338
auprc,proposed_abmil_concat,ablation_abmil_onehot,STK11,0.30877609553403945,0.3441406595600721,-0.03536456402603265,0.04545429859450563,-1.7397159697105369,0.1568901153089738,-0.7780246339629451,0.356;0.224;0.319;0.373;0.272,0.366;0.271;0.427;0.391;0.265
auprc,proposed_abmil_concat,ablation_abmil_onehot,KEAP1,0.2845182584981621,0.2702355088312966,0.014282749666865473,0.035408569675014635,0.90196241909369,0.4180781738324761,0.403369856448729,0.214;0.267;0.378;0.311;0.252,0.192;0.253;0.409;0.245;0.252
auprc,proposed_abmil_concat,ablation_abmil_onehot,RBM10,0.17579111960431748,0.17461764721733483,0.0011734723869826185,0.03547296655553763,0.07397080881025021,0.9445850440400954,0.033080751370071965,0.250;0.161;0.154;0.166;0.148,0.241;0.178;0.153;0.207;0.094
auprc,baseline3_abmil_patterns,baseline1_xgboost,TP53,0.611356131990821,0.5337559149521397,0.07760021703868118,0.06897202347147738,2.5157933845305487,0.06565044475827936,1.1250970050309153,0.662;0.577;0.533;0.666;0.619,0.514;0.516;0.565;0.567;0.507
auprc,baseline3_abmil_patterns,baseline1_xgboost,EGFR,0.25412942293212637,0.23493720094677842,0.019192221985347913,0.027934993036162648,1.53624928214405,0.1992827688337121,0.68703156505187,0.192;0.239;0.303;0.246;0.290,0.209;0.208;0.297;0.187;0.273
auprc,baseline3_abmil_patterns,baseline1_xgboost,KRAS,0.30803428611416994,0.2897443721387113,0.018289913975458583,0.0403149170490869,1.0144505792223901,0.36774170862813377,0.45367609099106,0.299;0.264;0.385;0.347;0.245,0.279;0.256;0.299;0.352;0.262
auprc,baseline3_abmil_patterns,baseline1_xgboost,STK11,0.2061220696357239,0.1711687339723227,0.034953335663401204,0.061512969367209513,1.2705944028999552,0.2727445223234369,0.5682270913430111,0.308;0.205;0.173;0.159;0.186,0.179;0.155;0.208;0.154;0.161
auprc,baseline3_abmil_patterns,baseline1_xgboost,KEAP1,0.24415979676873273,0.19486060463948177,0.049299192129250984,0.01899156968830142,5.804488341199731,0.004382288652905858,2.5958461011055185,0.219;0.252;0.239;0.266;0.244,0.193;0.220;0.184;0.199;0.179
auprc,baseline3_abmil_patterns,baseline1_xgboost,RBM10,0.14395182300979492,0.10517457446761258,0.03877724854218232,0.05971688573317356,1.4519940659356332,0.2201432871289358,0.6493514868716775,0.188;0.111;0.108;0.128;0.185,0.212;0.081;0.107;0.069;0.055
