slide_id,case_barcode,n_tiles_total,n_micropapillary,pct_micropapillary,n_cribriform,pct_cribriform,n_papillary,pct_papillary,n_lepidic,pct_lepidic,n_solid,pct_solid,n_acinar,pct_acinar
TCGA-05-4245-01Z-00-DX1.36ff5403-d4bb-4415-b2c5-7c750d655cde,TCGA-05-4245,3860,2889,0.7484455958549223,380,0.09844559585492228,30,0.007772020725388601,376,0.09740932642487046,1,0.00025906735751295336,184,0.04766839378238342
TCGA-05-4250-01Z-00-DX1.90f67fdf-dff9-46ca-af71-0978d7c221ba,TCGA-05-4250,6915,5736,0.8295010845986985,879,0.12711496746203904,58,0.008387563268257412,179,0.02588575560375994,0,0.0,63,0.00911062906724512
TCGA-05-4384-01Z-00-DX1.CA68BF29-BBE3-4C8E-B48B-554431A9EE13,TCGA-05-4384,516,179,0.34689922480620156,2,0.003875968992248062,58,0.1124031007751938,244,0.4728682170542636,27,0.05232558139534884,6,0.011627906976744186
TCGA-05-4390-01Z-00-DX1.858E64DF-DD3E-4F43-B7C1-CE35B33F1C90,TCGA-05-4390,394,86,0.2182741116751269,2,0.005076142131979695,4,0.01015228426395939,57,0.1446700507614213,20,0.050761421319796954,225,0.5710659898477157
TCGA-05-4402-01Z-00-DX1.c653ddc2-88c1-45ac-88e7-4e512b8e8d53,TCGA-05-4402,13980,8997,0.6435622317596567,3871,0.27689556509298996,55,0.003934191702432046,1016,0.07267525035765379,2,0.0001430615164520744,39,0.0027896995708154505
TCGA-05-4403-01Z-00-DX1.fee8e988-956c-42a2-a6c5-06b6d6736295,TCGA-05-4403,9292,7133,0.7676495910460611,1197,0.12882049074472665,65,0.006995264743865691,318,0.034222987516142916,0,0.0,579,0.062311665949203614
TCGA-05-4405-01Z-00-DX1.D57EC2B2-3A59-4954-86A7-61782938BCC5,TCGA-05-4405,5520,2341,0.4240942028985507,1642,0.29746376811594205,23,0.004166666666666667,217,0.03931159420289855,218,0.03949275362318841,1079,0.19547101449275361
TCGA-05-4417-01Z-00-DX1.6E534856-996F-4BD9-8AFC-7B1BF627E505,TCGA-05-4417,9102,6706,0.7367611513952977,1280,0.14062843331136013,117,0.012854317732366513,355,0.03900241705119754,141,0.015491100856954515,503,0.05526257965282356
TCGA-05-4425-01Z-00-DX1.82B093EE-49BC-4FD9-91AC-4CC89944309D,TCGA-05-4425,263,107,0.4068441064638783,11,0.04182509505703422,1,0.0038022813688212928,54,0.20532319391634982,40,0.1520912547528517,50,0.19011406844106463
TCGA-05-4426-01Z-00-DX1.4c9da782-f4aa-4c4f-b3aa-fae2259f236f,TCGA-05-4426,8004,6842,0.8548225887056472,886,0.11069465267366317,25,0.00312343828085957,223,0.027861069465267365,0,0.0,28,0.0034982508745627187
TCGA-05-4427-01Z-00-DX1.36CF4E93-3FBB-4346-A26B-85F0D9D0575D,TCGA-05-4427,13448,9439,0.701888756692445,3029,0.2252379535990482,77,0.005725758477096966,672,0.049970255800118976,1,7.4360499702558e-05,230,0.01710291493158834
TCGA-05-4430-01Z-00-DX1.95659bbb-3091-4370-bc1d-6c6c1baa7b3d,TCGA-05-4430,11599,9410,0.8112768342098456,1366,0.11776877317010087,60,0.005172859729287008,311,0.02681265626347099,0,0.0,452,0.03896887662729546
TCGA-05-4433-01Z-00-DX1.5843D3CC-CB24-4A0A-BB65-78A5DAA11D84,TCGA-05-4433,19857,15260,0.7684947373722113,537,0.027043360024172836,422,0.02125195145288815,3023,0.15223850531298785,258,0.012992899229490859,357,0.01797854660824898
TCGA-05-4434-01Z-00-DX1.f3f5c89c-306f-4876-98fa-f7bd231f2e10,TCGA-05-4434,9541,2495,0.2615029871082696,6437,0.6746672256576879,9,0.0009432973482863432,520,0.05450162456765538,1,0.00010481081647626035,79,0.008280054501624569
TCGA-05-5420-01Z-00-DX1.8C253A99-44FD-48B6-AF31-D808CCB7DB1E,TCGA-05-5420,523,201,0.384321223709369,11,0.021032504780114723,0,0.0,149,0.28489483747609945,71,0.13575525812619502,91,0.1739961759082218
TCGA-05-5423-01Z-00-DX1.CCCF5FDB-ACAD-4D9D-80DF-556F0D6284AF,TCGA-05-5423,441,201,0.4557823129251701,0,0.0,77,0.1746031746031746,106,0.24036281179138322,22,0.049886621315192746,35,0.07936507936507936
TCGA-05-5428-01Z-00-DX1.8018AD62-F1CE-4BFF-8EFD-3F2D4513FC11,TCGA-05-5428,358,34,0.09497206703910614,1,0.002793296089385475,4,0.0111731843575419,87,0.2430167597765363,44,0.12290502793296089,188,0.5251396648044693
TCGA-05-5715-01Z-00-DX1.D3F0A1FA-2507-45FF-823F-F9981E62BB4C,TCGA-05-5715,444,104,0.23423423423423423,0,0.0,1,0.0022522522522522522,292,0.6576576576576577,23,0.0518018018018018,24,0.05405405405405406
TCGA-18-3407-01Z-00-DX1.E7DDA7E3-45A2-4E06-A081-E6A81A672155,TCGA-18-3407,37231,13563,0.3642931965297736,29,0.0007789207918132739,20,0.0005371867529746717,4394,0.11801992962853536,514,0.013805699551449061,18711,0.5025650667454541
TCGA-18-3412-01Z-00-DX1.699A17A5-356B-42F8-815A-5DBD60293242,TCGA-18-3412,31766,5399,0.16996159415727508,28,0.0008814455707360071,13,0.0004092425864131461,1269,0.039948372473714036,283,0.008908896304224643,24774,0.7798904489076371
TCGA-18-3414-01Z-00-DX1.B76AF657-7A93-4F33-BC1A-2E8BF652FC17,TCGA-18-3414,26781,2458,0.09178148687502334,7,0.0002613793360964863,0,0.0,877,0.03274709682237407,481,0.017960494380344274,22958,0.8572495425861618
TCGA-18-4083-01Z-00-DX1.337D4583-326F-4108-9441-DC74FAED6AE2,TCGA-18-4083,35469,9946,0.2804138825453213,0,0.0,0,0.0,3971,0.11195692012743523,220,0.0062025994530435025,21332,0.6014265978742
TCGA-18-4086-01Z-00-DX1.1D06B771-F978-4763-8D4E-7B540E02C55A,TCGA-18-4086,44777,9525,0.212720816490609,70,0.0015633025883824284,2,4.466578823949796e-05,7523,0.16801036246287157,1372,0.030640730732295597,26285,0.5870201219376019
TCGA-18-4721-01Z-00-DX1.C4952E79-071A-49C5-8E28-474442832D4E,TCGA-18-4721,31677,11198,0.35350569814060673,105,0.0033147078321810776,2,6.313729204154434e-05,3812,0.12033967863118351,801,0.02528648546263851,15759,0.4974902926413486
TCGA-18-5592-01Z-00-DX1.41BD6380-A3A0-4ED1-8752-42BBC3B4680C,TCGA-18-5592,37023,10529,0.2843907841071766,10,0.00027010236879777437,15,0.00040515355319666155,631,0.017043459471139562,1219,0.032925478756448696,24619,0.6649650217432407
TCGA-21-1070-01Z-00-DX1.06363f8a-ef29-4d73-95da-a3172d7873c0,TCGA-21-1070,7307,805,0.11016833173669084,43,0.005884768030655536,76,0.010400985356507459,633,0.0866292596140687,150,0.020528260572054195,5600,0.7663883946900233
TCGA-21-1071-01Z-00-DX1.a9bba825-1c92-4101-9086-c4d1c91117af,TCGA-21-1071,5273,1096,0.20785131803527404,184,0.03489474682344017,6,0.0011378721790252229,182,0.034515456097098426,204,0.03868765408685758,3601,0.6829129527783045
TCGA-21-1075-01Z-00-DX1.937872ae-4d6f-4d7a-b54f-b7e797cb84b0,TCGA-21-1075,3745,623,0.16635514018691588,24,0.006408544726301735,4,0.001068090787716956,356,0.09506008010680908,53,0.014152202937249666,2685,0.7169559412550067
TCGA-21-1080-01Z-00-DX1.7afa55df-e460-406e-ae9a-43ac4a71d0b0,TCGA-21-1080,7779,1294,0.1663452885975061,65,0.008355829798174572,22,0.002828127008612932,1382,0.17765779663195783,606,0.07790204396451986,4410,0.5669109139992287
TCGA-21-5783-01Z-00-DX1.3FAB28DF-5748-42D5-8257-3D440C4FB5FB,TCGA-21-5783,26951,7047,0.2614745278468331,0,0.0,8,0.00029683499684612816,9276,0.3441801788430856,262,0.009721346146710698,10358,0.38432711216652443
TCGA-21-5786-01Z-00-DX1.928370C0-0BD4-43D6-94EB-FE7CB172265E,TCGA-21-5786,9947,2110,0.21212425857042325,44,0.00442344425454911,3,0.0003015984719010757,617,0.06202875238765457,128,0.01286820146777923,7045,0.7082537448476928
TCGA-21-5787-01Z-00-DX1.FEE037E3-B9B0-4C2E-97EF-D6E4F64E1DF9,TCGA-21-5787,17857,9737,0.5452763622108977,49,0.0027440219521756176,21,0.0011760094080752645,703,0.03936831494651957,213,0.011928095424763398,7134,0.39950719605756846
TCGA-22-1016-01Z-00-DX1.807510FD-222D-4E65-B261-3EB0815F8A50,TCGA-22-1016,11400,5029,0.441140350877193,282,0.024736842105263158,82,0.007192982456140351,246,0.02157894736842105,510,0.04473684210526316,5251,0.4606140350877193
TCGA-22-4609-01Z-00-DX1.35112DF6-5AD4-4EF5-8D00-41AEED41C246,TCGA-22-4609,15337,8522,0.5556497359327117,208,0.013561974310490969,49,0.003194888178913738,1441,0.09395579317989176,225,0.014670404903175328,4892,0.31896720349481644
TCGA-22-5479-01Z-00-DX1.3DCD4654-459D-4046-87C3-E59C61A1E7FA,TCGA-22-5479,15755,7629,0.48422722945096797,384,0.0243732148524278,76,0.004823865439543002,1300,0.08251348778165661,184,0.01167883211678832,6182,0.3923833703586163
TCGA-22-5489-01Z-00-DX1.0518AF53-5642-40FB-A631-4C50D7707C8F,TCGA-22-5489,20511,3164,0.1542586904587782,298,0.014528789430061919,466,0.02271951635707669,725,0.03534688703622447,1043,0.050850763005216716,14815,0.722295353712642
TCGA-33-4533-01Z-00-DX4.b7cd127e-4d9c-45dc-bd5e-e95343819e4c,TCGA-33-4533,30087,6276,0.20859507428457474,0,0.0,1101,0.036593877754511915,7511,0.24964270282846412,6826,0.226875394688736,8373,0.2782929504437132
TCGA-33-4533-01Z-00-DX5.b26513d1-9454-4332-b7d4-126ea4ff6b7a,TCGA-33-4533,24134,8106,0.33587469959393385,197,0.008162757934863677,1204,0.04988812463744095,2681,0.11108809148918539,6682,0.276870804673904,5264,0.21811552167067208
TCGA-33-4538-01Z-00-DX5.19d6ae2f-feaa-4c38-9335-6bb549631f94,TCGA-33-4538,36818,4041,0.10975609756097561,147,0.003992612309196589,3519,0.09557824976913466,1049,0.028491498723450488,10445,0.2836927589765875,17617,0.4784887826606551
TCGA-33-4547-01Z-00-DX5.0430003c-aa9c-4d8f-89fd-72fa63207740,TCGA-33-4547,38001,8473,0.2229678166364043,0,0.0,1963,0.05165653535433278,3452,0.09083971474434883,11148,0.2933607010341833,12965,0.34117523223073076
TCGA-33-4582-01Z-00-DX1.629AEDB6-E9AA-4615-92E8-5DDAAFF6103E,TCGA-33-4582,7791,1446,0.18559876780901038,54,0.006931074316519061,44,0.005647542035682198,173,0.02220510845847773,62,0.00795790014118855,6012,0.7716596072391221
TCGA-33-4586-01Z-00-DX2.a9798fe4-8db9-41d7-8d00-eb2a9eef1bc0,TCGA-33-4586,34201,11689,0.3417736323499313,139,0.004064208648869916,549,0.016052162217479023,2273,0.06646004502792316,2038,0.05958890090933014,17513,0.5120610508464665
TCGA-33-6738-01Z-00-DX1.d688fae9-4daf-4b6e-b907-fb55e3983d62,TCGA-33-6738,24393,8807,0.36104620177919894,26,0.001065879555610216,3238,0.13274300004099537,2392,0.09806091911613987,3041,0.12466691263887181,6889,0.28241708686918376
TCGA-33-6738-01Z-00-DX2.3a2fa17d-0297-4b0c-8a5f-aa18c5342ef4,TCGA-33-6738,27384,9516,0.34750219106047325,32,0.0011685655857434998,3099,0.11316827344434706,1906,0.06960268770084721,2466,0.09005258545135846,10365,0.3785056967572305
TCGA-33-6738-01Z-00-DX3.26deb8f3-f138-45e4-9765-f713030746e8,TCGA-33-6738,36051,6307,0.17494660342292864,41,0.0011372777454162159,3060,0.08487975368228343,15496,0.42983551080413857,6198,0.17192310892901722,4949,0.13727774541621593
TCGA-34-5241-01Z-00-DX1.7abc4737-9a9c-4270-8297-58ea167cea63,TCGA-34-5241,25492,12299,0.48246508708614466,170,0.006668758826298447,65,0.002549819551231759,915,0.03589361368272399,909,0.03565824572414875,11134,0.4367644751294524
TCGA-34-5928-01Z-00-DX1.d336efc9-3ebb-4457-a81b-1e448781f999,TCGA-34-5928,30276,8803,0.2907583564539569,10229,0.33785836966574184,218,0.007200422777117189,2162,0.07140969745012551,686,0.022658211124322897,8178,0.27011494252873564
TCGA-35-4123-01Z-00-DX1.990553a8-657e-49ec-9782-e6d30a4c4909,TCGA-35-4123,14326,2063,0.14400390897668575,49,0.0034203546000279215,148,0.010330866955186374,992,0.06924472986178976,2228,0.1555214295686165,8846,0.6174787100376937
TCGA-37-3783-01Z-00-DX1.08a2c536-e48d-416c-bcad-9db7b2c04c1a,TCGA-37-3783,10509,7040,0.6699019887715292,6,0.0005709391949757351,61,0.005804548482253306,1018,0.09686935008088306,88,0.008373774859644115,2296,0.21847939861071464
TCGA-37-3789-01Z-00-DX1.d7a4923e-988e-45e9-a64e-30c983740614,TCGA-37-3789,13403,5087,0.3795418936059091,333,0.024845183914049093,192,0.014325151085577855,818,0.06103111243751399,2242,0.16727598298888308,4731,0.35298067596806687
TCGA-37-4130-01Z-00-DX1.37ccfdfe-fc20-4809-8dc7-e342242d0bfa,TCGA-37-4130,28141,15860,0.5635904907430439,107,0.0038022813688212928,63,0.0022387264134181442,5388,0.19146441135709463,621,0.02206744607512171,6102,0.21683664404250028
TCGA-37-4135-01Z-00-DX1.3f193ee1-530c-4f37-a669-56af75bba8db,TCGA-37-4135,21982,8558,0.38931853334546446,89,0.004048767173141662,916,0.041670457647165864,572,0.026021290146483488,784,0.03566554453643891,11063,0.5032754071513056
TCGA-37-A5EN-01Z-00-DX1.C389C26A-2B88-4DCA-9B32-FEECDFFC35A6,TCGA-37-A5EN,11015,1769,0.16059918293236497,67,0.006082614616432138,47,0.004266908760780753,785,0.07126645483431684,525,0.04766227871084884,7822,0.7101225601452564
TCGA-38-4626-01Z-00-DX1.142bc018-bd79-4db9-84e2-f83a617ea92a,TCGA-38-4626,25467,9582,0.3762516197431971,15,0.0005889975262103899,25,0.0009816625436839831,773,0.03035300585070876,763,0.029960340833235167,14309,0.5618643735029646
TCGA-38-4630-01Z-00-DX1.d08d0193-c5ed-4db8-b236-1a4c3c3177b8,TCGA-38-4630,19508,14472,0.741849497641993,1,5.12610211195407e-05,1,5.12610211195407e-05,1072,0.05495181464014763,716,0.03670289112159114,3246,0.1663932745540291
TCGA-38-4632-01Z-00-DX1.5E05F85C-53BC-4280-8E7F-8B9DECEF849F,TCGA-38-4632,9003,1648,0.18305009441297346,0,0.0,8,0.0008885926913251138,231,0.025658113962012664,938,0.1041874930578696,6178,0.6862157058758191
TCGA-38-7271-01Z-00-DX1.EF258BEB-8DEA-483E-823A-1E0B90AAA392,TCGA-38-7271,11887,6624,0.5572474131404055,0,0.0,0,0.0,1370,0.11525195591823,469,0.0394548666610583,3424,0.2880457642803062
TCGA-39-5011-01Z-00-DX1.be58f65a-0b90-4ba4-bc5f-df74d4a3df22,TCGA-39-5011,13652,1435,0.10511280398476414,44,0.0032229709932610606,1485,0.1087752710225608,2961,0.2168912979783182,888,0.06504541459126868,6839,0.5009522414298271
TCGA-39-5024-01Z-00-DX1.b159135e-c9d5-4768-83a6-1de9961d20ad,TCGA-39-5024,9984,1547,0.15494791666666666,371,0.03715945512820513,178,0.01782852564102564,741,0.07421875,113,0.011318108974358974,7034,0.7045272435897436
TCGA-39-5028-01Z-00-DX1.7994ec22-746d-4c30-8138-e6c9bc67c71f,TCGA-39-5028,7177,700,0.09753378849101296,1367,0.19046955552459244,339,0.04723422042636199,400,0.05573359342343598,341,0.04751288839347917,4030,0.5615159537411175
TCGA-39-5035-01Z-00-DX1.ad5d9143-f194-4cef-9a13-03190cf97ccf,TCGA-39-5035,5208,135,0.025921658986175114,525,0.10080645161290322,417,0.08006912442396313,235,0.045122887864823345,309,0.05933179723502304,3587,0.6887480798771122
TCGA-39-5036-01Z-00-DX1.5a601fbd-a711-478e-a471-2046d2b63f7c,TCGA-39-5036,7223,1689,0.23383635608472933,810,0.11214176934791638,179,0.024781946559601274,706,0.09774331995015921,141,0.019520974664266926,3698,0.5119756333933269
TCGA-39-5040-01Z-00-DX1.F314DFF3-AEBE-4171-8F04-5D2A61FDE208,TCGA-39-5040,32054,11995,0.3742122667997754,41,0.0012790915330379983,23,0.0007175391526798527,1972,0.061521183003681285,61,0.0019030386223248268,17962,0.5603668808885006
TCGA-3H-AB3X-01Z-00-DX1.1EF5CB2E-61DF-4BB3-903C-D5F6488DE985,TCGA-3H-AB3X,1596,1083,0.6785714285714286,0,0.0,101,0.06328320802005012,314,0.19674185463659147,17,0.010651629072681704,81,0.05075187969924812
TCGA-43-2576-01Z-00-DX1.779df209-95e1-4303-9c32-4083e8088d8e,TCGA-43-2576,3746,1043,0.2784303256807261,91,0.024292578750667378,16,0.004271222637479978,337,0.08996262680192205,200,0.053390282968499736,2059,0.5496529631607048
TCGA-43-2578-01Z-00-DX1.3314c57b-2875-4cb3-8fff-cb9cf65aa697,TCGA-43-2578,8607,1598,0.18566283257813407,79,0.009178575578017892,12,0.0013942140118508191,4536,0.5270128964796096,249,0.028929940745904496,2133,0.2478215406064831
TCGA-43-2581-01Z-00-DX1.0d1203cf-9ac9-49a2-8bd0-063ceae7b1d3,TCGA-43-2581,8411,4080,0.48507906313161336,5,0.0005944596361907026,0,0.0,1073,0.1275710379265248,2822,0.33551301866603256,431,0.05124242063963857
TCGA-43-3394-01Z-00-DX1.4c2f49b9-9dac-41d8-a62b-64c8928caa3c,TCGA-43-3394,17787,3243,0.18232416933715634,183,0.010288412885815484,12,0.0006746500252993759,2932,0.1648394895148142,2059,0.11575870017428459,9358,0.52611457806263
TCGA-43-3920-01Z-00-DX1.33ab7101-e3e6-4156-9c16-efae940c8156,TCGA-43-3920,18189,6099,0.33531255154214085,2544,0.13986475342239815,39,0.0021441530595414813,2490,0.13689592610918688,1005,0.055253174995876626,6012,0.330529440870856
TCGA-43-6647-01Z-00-DX1.ac38a9bb-d5af-42c1-b96c-c1d6b958dd17,TCGA-43-6647,8111,2938,0.3622241400567131,708,0.08728886697078042,4,0.0004931574405128837,335,0.041301935642954014,880,0.10849463691283442,3246,0.40019726297620517
TCGA-43-6771-01Z-00-DX1.445d4d3f-6a28-4ea7-b7ab-612366c7bb4b,TCGA-43-6771,10874,3615,0.33244436270001837,90,0.008276623137759793,1,9.196247930844215e-05,1133,0.10419348905646496,324,0.029795843295935258,5711,0.5251977193305132
TCGA-43-7656-01Z-00-DX1.6076ce10-fcb2-4f29-b3f3-c3f5649dc469,TCGA-43-7656,11805,4216,0.35713680643795004,350,0.02964845404489623,65,0.005506141465480729,1460,0.12367640830156713,950,0.08047437526471835,4764,0.4035578144853875
TCGA-43-7658-01Z-00-DX1.db69fbb6-59d7-49f5-adbf-f9c030b85b73,TCGA-43-7658,5118,2656,0.5189527159046503,20,0.003907776475185619,1,0.00019538882375928098,69,0.013481828839390387,308,0.06017975771785854,2064,0.40328253223915594
TCGA-43-A475-01Z-00-DX1.48694B33-6070-4D6E-9CE4-BDEF072500A1,TCGA-43-A475,5973,3453,0.5781014565544952,44,0.007366482504604052,1215,0.20341536916122552,99,0.016574585635359115,306,0.051230537418382724,856,0.14331156872593337
TCGA-43-A56U-01Z-00-DX1.B60C921A-4EE4-4CAE-9E55-311C7D2DA9E4,TCGA-43-A56U,3531,1503,0.4256584536958369,276,0.07816482582837724,28,0.007929764939110734,621,0.17587085811384875,38,0.010761823845935995,1065,0.3016142735768904
TCGA-44-2655-01Z-00-DX1.ee255271-780c-461c-ab23-5cd3504b5e4a,TCGA-44-2655,3397,452,0.13305858110097143,18,0.005298793052693553,0,0.0,929,0.2734765969973506,70,0.020606417427141595,1928,0.5675596114218429
TCGA-44-2656-01Z-00-DX1.5f247f31-4bb5-460d-a1f7-7dcdba33c835,TCGA-44-2656,12225,5151,0.42134969325153376,1,8.179959100204499e-05,19,0.0015541922290388548,1274,0.10421267893660531,1426,0.11664621676891615,4354,0.3561554192229039
TCGA-44-2657-01Z-00-DX1.b7f608bd-2381-40a2-a757-ca4648a7de8a,TCGA-44-2657,5732,1588,0.27704117236566644,13,0.0022679692951849267,12,0.00209351011863224,1191,0.20778087927424982,395,0.06891137473831123,2533,0.4419050942079553
TCGA-44-2665-01Z-00-DX1.d429e37e-3915-4da6-b5bc-bf2f09f4fbf7,TCGA-44-2665,6845,2937,0.42907231555880204,876,0.12797662527392256,6,0.0008765522279035792,958,0.13995617238860483,602,0.08794740686632578,1466,0.2141709276844412
TCGA-44-3396-01Z-00-DX1.187b0a68-ad51-4fcd-819c-b74a8599dbe9,TCGA-44-3396,11637,4204,0.36126149351207354,403,0.03463091862163788,85,0.0073042880467474435,349,0.029990547391939505,1978,0.16997507948784052,4618,0.39683767293976113
TCGA-44-3917-01Z-00-DX1.cf5b5b49-de5e-4f2e-90b4-b138f55560a9,TCGA-44-3917,5666,3535,0.6238969290504766,322,0.056830215319449345,13,0.0022943875750088246,1007,0.17772679138722203,358,0.06318390398870455,431,0.07606777267913872
TCGA-44-4112-01Z-00-DX1.5380b3b4-0e24-4c6c-aa8c-298c5fbe068f,TCGA-44-4112,12694,3058,0.24090121317157712,63,0.004962974633685205,21,0.0016543248778950685,531,0.04183078619820388,666,0.05246573184181503,8355,0.6581849692768237
TCGA-44-5644-01Z-00-DX1.7e4edaa7-25c6-49f4-81bc-f50d6c5fac38,TCGA-44-5644,15851,2915,0.1839000693962526,1277,0.08056274052110277,31,0.0019557125733392217,8860,0.5589552709608226,95,0.005993312724749227,2673,0.16863289382373353
TCGA-44-6144-01Z-00-DX1.604b3c7c-92e8-474a-bae8-e48415ea6196,TCGA-44-6144,3443,950,0.2759221609061865,7,0.0020331106593087424,45,0.013069997095556202,675,0.19604995643334303,8,0.0023235550392099913,1758,0.5106012198663956
TCGA-44-6146-01Z-00-DX1.8db8c567-690e-4df3-98a9-f241b6a8d811,TCGA-44-6146,8578,4049,0.47202145022149683,217,0.025297272091396594,37,0.004313359757519235,905,0.10550244812310562,1513,0.1763814408953136,1857,0.2164840289111681
TCGA-44-6147-01Z-00-DX1.a34a9f49-e86b-43ee-9e2d-7ef35da0aecf,TCGA-44-6147,9392,3159,0.33635008517887566,151,0.016077512776831344,11,0.0011712095400340716,1243,0.13234667802385008,638,0.06793015332197615,4190,0.44612436115843274
TCGA-44-6148-01Z-00-DX1.94c29c83-1085-458f-a0c9-3ffa8592cb98,TCGA-44-6148,8236,4307,0.5229480330257407,47,0.005706653715395823,0,0.0,1274,0.15468674113647402,458,0.055609519184069936,2150,0.2610490529383196
TCGA-44-6778-01Z-00-DX1.5e932267-cc68-4a8e-a660-fe2cc0c59ff4,TCGA-44-6778,9737,2718,0.2791414193283352,46,0.004724247714901921,85,0.008729588168840506,737,0.07569066447571121,598,0.06141522029372497,5553,0.5702988600184862
TCGA-44-7660-01Z-00-DX1.f96c114b-f0fc-498a-97cc-e262344de357,TCGA-44-7660,12830,2717,0.2117692907248636,403,0.03141075604053001,17,0.0013250194855806703,1549,0.12073265783320343,450,0.03507404520654715,7694,0.5996882307092751
TCGA-44-7661-01Z-00-DX1.baf72abd-edb9-4f56-beb3-f5138aa50930,TCGA-44-7661,3227,0,0.0,0,0.0,0,0.0,3219,0.9975209172606135,8,0.002479082739386427,0,0.0
TCGA-44-7662-01Z-00-DX1.2f0b6cea-795a-40ad-93a9-319858e6fb3b,TCGA-44-7662,2398,1132,0.47206005004170143,1,0.0004170141784820684,4,0.0016680567139282735,177,0.07381150959132611,237,0.09883236030025021,847,0.3532110091743119
TCGA-44-7667-01Z-00-DX1.2be2e379-7368-4fa7-a619-ace84febecb3,TCGA-44-7667,11450,4566,0.3987772925764192,668,0.05834061135371179,1,8.733624454148471e-05,1973,0.17231441048034934,559,0.04882096069868996,3683,0.32165938864628824
TCGA-44-7670-01Z-00-DX1.2a981dd6-0063-438e-b20e-b180b16e2b23,TCGA-44-7670,16734,6480,0.38723556830405165,241,0.014401816660690809,27,0.0016134815346002152,5878,0.35126090594000237,2584,0.15441615871877615,1524,0.09107206884187881
TCGA-44-7671-01Z-00-DX1.00297baa-00e7-4894-a7b8-c9ac2a9d42d8,TCGA-44-7671,4775,544,0.11392670157068063,349,0.07308900523560209,0,0.0,1273,0.26659685863874344,85,0.01780104712041885,2524,0.528586387434555
TCGA-44-8119-01Z-00-DX1.1EBEBFA7-22DB-4365-9DF8-C4E679C11312,TCGA-44-8119,1818,204,0.11221122112211221,64,0.0352035203520352,30,0.0165016501650165,205,0.11276127612761276,366,0.20132013201320131,949,0.522002200220022
TCGA-44-A479-01Z-00-DX1.CA5654C6-A623-452E-A8AC-DB6279CA97B1,TCGA-44-A479,18217,9538,0.5235768787396388,400,0.02195751221386617,1669,0.09161771971235659,427,0.023439644288302135,641,0.03518691332272054,5542,0.3042213317231158
TCGA-44-A47A-01Z-00-DX1.62448803-3A7B-41EC-9794-67916DA0792E,TCGA-44-A47A,12306,4316,0.35072322444336096,1183,0.09613196814562003,2803,0.2277750690719974,1304,0.10596457012839265,193,0.015683406468389404,2507,0.20372176174223955
TCGA-44-A47F-01Z-00-DX1.C1EC3F2D-33C8-483B-9DDA-2F01B5FED618,TCGA-44-A47F,4160,831,0.1997596153846154,13,0.003125,524,0.12596153846153846,496,0.11923076923076924,266,0.06394230769230769,2030,0.4879807692307692
TCGA-44-A4SS-01Z-00-DX1.F3D85B63-D963-42D2-815F-CB9D791A0F7B,TCGA-44-A4SS,8392,2800,0.3336510962821735,140,0.016682554814108675,2,0.00023832221163012392,419,0.049928503336510964,266,0.03169685414680648,4765,0.5678026692087702
TCGA-44-A4SU-01Z-00-DX1.AE2607C1-B208-4557-ADB4-6AAF03C6D3A9,TCGA-44-A4SU,11889,2786,0.23433425855833123,135,0.011355034065102196,967,0.0813356884515098,1678,0.14113886786104804,712,0.05988729077298343,5611,0.47194886029102534
TCGA-46-3766-01Z-00-DX1.5870b2ed-78f0-4f68-b01e-2ef6d5353b57,TCGA-46-3766,9999,3154,0.31543154315431543,79,0.0079007900790079,6,0.0006000600060006001,712,0.0712071207120712,30,0.003000300030003,6018,0.6018601860186018
TCGA-46-3767-01Z-00-DX1.1f1899f9-7d6e-438c-b7ac-701ea088734d,TCGA-46-3767,21368,6072,0.28416323474354177,188,0.008798202920254586,29,0.0013571695994009734,2019,0.09448708348932984,505,0.02363347061025833,12555,0.5875608386372145
TCGA-46-6025-01Z-00-DX1.05600f09-0b48-448c-b305-cb881970fc52,TCGA-46-6025,15512,4272,0.2753996905621454,403,0.025979886539453326,0,0.0,257,0.01656781846312532,455,0.029332129963898917,10125,0.652720474471377
TCGA-49-4488-01Z-00-DX10.930e7dc2-6073-4bf2-9b70-f17c0b26bdee,TCGA-49-4488,30513,12880,0.4221151640284469,188,0.006161308294825156,865,0.028348572739488088,10181,0.3336610624979517,1669,0.05469799757480418,4730,0.155015894864484
TCGA-49-4488-01Z-00-DX3.341ea7ac-ee5f-4ad2-9d01-d81a4d2e9b13,TCGA-49-4488,44388,16078,0.3622150130665946,143,0.003221591421104803,2547,0.05738037307380373,13571,0.3057357844462467,1726,0.03888438316662161,10323,0.23256285482562855
TCGA-49-4488-01Z-00-DX6.3ce306b2-1b00-48f7-8288-c24069037a9c,TCGA-49-4488,16768,5437,0.3242485687022901,16,0.0009541984732824427,1768,0.10543893129770993,4564,0.27218511450381677,1362,0.08122614503816794,3621,0.21594704198473283
TCGA-49-4488-01Z-00-DX7.a04b36c3-9cfd-4195-92c0-70046cd49d9a,TCGA-49-4488,25267,7114,0.2815530138124827,32,0.0012664740570704873,1369,0.054181343254046783,12401,0.49079827442909724,629,0.024894130684291763,3722,0.14730676376301105
TCGA-49-4490-01Z-00-DX1.bde106d9-1494-4775-b77d-11c86bb09b72,TCGA-49-4490,35475,12366,0.34858350951374206,16,0.00045102184637068357,1651,0.04653981677237491,9734,0.2743904157857646,2930,0.08259337561663144,8778,0.2474418604651163
TCGA-49-4490-01Z-00-DX3.0949a10a-0a1f-49dc-9296-ab4d4f0bf988,TCGA-49-4490,36091,14562,0.4034800919896927,30,0.0008312321631431659,856,0.023717824388351665,6860,0.1900750879720706,3223,0.08930204206034746,10560,0.2925937214263944
TCGA-49-4494-01Z-00-DX4.4c6a4560-adee-4fc9-8fd8-feb7f89e51e3,TCGA-49-4494,38889,8042,0.2067936948751575,2,5.142842449021574e-05,3005,0.07727120779654915,2051,0.052739849314716244,8279,0.21288796317724806,17510,0.45025585641183885
TCGA-49-4494-01Z-00-DX6.3791a027-7ddb-429c-99a5-bb84a4307550,TCGA-49-4494,27643,4590,0.16604565351083456,9,0.0003255797127663423,181,0.00654776977896755,5761,0.20840719169409977,3157,0.11420612813370473,13945,0.504467677169627
TCGA-49-4494-01Z-00-DX7.9f722476-622e-4374-9fda-ef35184f01e0,TCGA-49-4494,37542,3544,0.09440093761653615,4,0.00010654733365297533,108,0.002876778008630334,18514,0.49315433381279633,1417,0.037744392946566514,13955,0.3717170102818177
TCGA-49-4501-01Z-00-DX1.9c4bf212-5e32-449e-8710-cf7a3594156e,TCGA-49-4501,38402,16120,0.4197698036560596,378,0.00984323733138899,1476,0.03843549815113796,3389,0.08825061194729442,2271,0.05913754491953544,14768,0.3845633039945836
TCGA-49-4501-01Z-00-DX3.b6c2cc84-1c94-4816-92e7-8cf4446ac9ac,TCGA-49-4501,32668,18088,0.5536916860536305,5,0.00015305497734786335,426,0.013040284070037957,4426,0.13548426594832863,768,0.02350924452063181,8955,0.2741214644300233
TCGA-49-4505-01Z-00-DX2.48df81e7-5a8e-4c5b-993a-6a54481a35e9,TCGA-49-4505,46178,26946,0.5835246221144268,15,0.00032483000563038675,870,0.01884014032656243,5469,0.11843302005283901,1207,0.02613798778639179,11671,0.2527393997141496
TCGA-49-4505-01Z-00-DX4.623c4278-fc3e-4c80-bb4d-000e24fbb1c2,TCGA-49-4505,29563,10790,0.3649832560971485,69,0.0023339985793052126,1039,0.03514528295504516,832,0.02814328721712952,1105,0.03737780333525014,15728,0.5320163718161215
TCGA-49-4506-01Z-00-DX4.9460a2c1-efe2-4095-9b0e-dfe0eda684ba,TCGA-49-4506,40510,7143,0.17632683288077017,148,0.00365341890891138,1802,0.04448284374228585,1844,0.04551962478400395,4592,0.11335472722784498,24981,0.6166625524561836
TCGA-49-4507-01Z-00-DX1.1df4e286-ea89-4c38-ad53-a26e5b7b0402,TCGA-49-4507,28216,12235,0.4336192231358095,46,0.0016302806918060675,1901,0.06737312163311596,2401,0.08509356393535583,1152,0.04082789906436065,10481,0.37145591153955204
TCGA-49-4510-01Z-00-DX1.0b7c713f-6f72-42c3-967d-7e19a280e761,TCGA-49-4510,34453,21227,0.6161147069921342,110,0.003192755347865208,2873,0.08338896467651584,3117,0.0904710765390532,2742,0.07958668330769454,4384,0.127245813136737
TCGA-49-4510-01Z-00-DX2.e0552b15-6bd7-4660-8a60-9edd0d638e7e,TCGA-49-4510,38345,26939,0.7025427043943148,7,0.00018255313600208631,1985,0.051766853566305907,2224,0.05799973920980571,2072,0.05403572825661755,5118,0.13347242143695398
TCGA-49-4512-01Z-00-DX1.ced0bda8-f2d6-4bcb-b2d6-b122846a3079,TCGA-49-4512,31361,16079,0.5127068652147572,104,0.0033162207837760275,823,0.02624278562545837,6081,0.193903255635981,1013,0.03230126590351073,7261,0.2315296068365167
TCGA-49-4512-01Z-00-DX2.341d7ff7-15e1-44f1-8818-b117fe98ca99,TCGA-49-4512,42679,14632,0.3428383982754985,352,0.008247615923522108,1431,0.03352937041636402,11225,0.26300991119754447,1686,0.039504205815506455,13353,0.31287049837156444
TCGA-49-4512-01Z-00-DX6.985c9088-ff83-4f13-8a95-cb55aa48682b,TCGA-49-4512,35687,15529,0.4351444503600751,121,0.0033905904110740604,993,0.027825258497492084,2732,0.0765544876285482,948,0.026564295121472806,15364,0.43052091798133774
TCGA-49-4514-01Z-00-DX2.f1565a36-257d-432e-a84d-47c1d7a0185f,TCGA-49-4514,25617,8397,0.3277901393605809,16,0.0006245852363664754,1476,0.057617988054807355,3623,0.14142951945973378,3804,0.14849513994612953,8301,0.32404262794238203
TCGA-49-4514-01Z-00-DX3.3b247c08-3069-4100-9df4-734895adb954,TCGA-49-4514,31703,14287,0.4506513579156547,1,3.154275620603729e-05,1148,0.0362110841245308,4352,0.13727407500867425,2379,0.07504021701416269,9536,0.3007917231807715
TCGA-49-4514-01Z-00-DX4.79e9e14e-72ea-4e9f-9719-d1a791cf0b43,TCGA-49-4514,35228,11478,0.3258203701600999,306,0.008686272283410923,7841,0.22257863063472239,2523,0.07161916657204496,843,0.02392982854547519,12237,0.3473657318042466
TCGA-49-6745-01Z-00-DX6.3174fffa-c17c-44d1-8d21-1921a9ec1bee,TCGA-49-6745,30645,9403,0.30683635177027246,670,0.02186327296459455,885,0.02887909936368086,4025,0.13134279654103442,7814,0.25498449991842065,7848,0.2560939794419971
TCGA-49-AAR4-01Z-00-DX1.EDB32358-AF23-4F81-A99F-15574A2DE28E,TCGA-49-AAR4,13959,6396,0.45819901139050073,360,0.025789813023855575,1242,0.08897485493230174,3726,0.26692456479690524,524,0.03753850562361201,1711,0.1225732502328247
TCGA-49-AAR9-01Z-00-DX1.B6A9966E-89B8-404B-8ABC-1F8F8553D4DA,TCGA-49-AAR9,3300,383,0.11606060606060606,32,0.009696969696969697,31,0.009393939393939394,132,0.04,17,0.005151515151515152,2705,0.8196969696969697
TCGA-49-AARO-01Z-00-DX1.FB8C82DC-F823-43CF-A8EA-1208C767AF54,TCGA-49-AARO,22106,14250,0.644621369763865,11,0.000497602460870352,1006,0.04550800687596128,1822,0.08242106215507101,1119,0.05061974124672035,3898,0.176332217497512
TCGA-49-AARR-01Z-00-DX1.9BCAFE3D-447C-40D6-85DD-AFABF6978376,TCGA-49-AARR,7117,2628,0.36925670928762117,5,0.000702543206407194,99,0.013910355486862442,768,0.10791063650414501,306,0.042995644232120274,3311,0.4652241112828439
TCGA-50-5045-01Z-00-DX1.ec50bbfc-1721-4e94-ac11-9ebd843e11ba,TCGA-50-5045,19779,10228,0.5171141109257293,435,0.021993022903079022,31,0.001567318873552758,639,0.03230699226452298,729,0.036857272865160016,7717,0.3901612821679559
TCGA-50-6593-01Z-00-DX1.a63e298c-cbe7-44e8-8d8e-34ebb93530ca,TCGA-50-6593,26301,14155,0.5381924641648607,569,0.021634158397019126,243,0.009239192426143492,2310,0.08782936010037641,181,0.0068818676095965935,8843,0.33622295730200374
TCGA-51-4079-01Z-00-DX1.111f7796-3797-4334-b543-918e374dbc22,TCGA-51-4079,15700,3748,0.23872611464968152,12,0.0007643312101910828,12,0.0007643312101910828,687,0.04375796178343949,206,0.013121019108280254,11035,0.7028662420382166
TCGA-51-6867-01Z-00-DX1.5f3a0562-efbe-413f-8e13-9826aaefa298,TCGA-51-6867,8830,4013,0.45447338618346544,53,0.006002265005662514,36,0.0040770101925254815,324,0.03669309173272933,259,0.029331823329558325,4145,0.4694224235560589
TCGA-53-7624-01Z-00-DX1.51b4de19-3531-4bcb-b822-fa966480f2ad,TCGA-53-7624,27342,17494,0.6398215200058518,1670,0.061078194718747716,88,0.0032184916977543707,1034,0.03781727744861385,598,0.021871114037012654,6458,0.2361934020920196
TCGA-55-5899-01Z-00-DX1.faa65b08-150c-4c74-95aa-1e8743f0152c,TCGA-55-5899,4473,1156,0.25843952604515985,1,0.000223563603845294,2,0.000447127207690588,581,0.1298904538341158,225,0.05030181086519115,2508,0.5606975184439973
TCGA-55-6543-01Z-00-DX1.08806fe0-84d3-4fd6-8746-6cf557241958,TCGA-55-6543,16582,1983,0.11958750452297673,117,0.007055843685924496,10,0.0006030635628995297,2948,0.17778313834278134,159,0.00958871065010252,11365,0.6853817392353154
TCGA-55-6712-01Z-00-DX1.8cd4b879-294e-4da0-8636-704f61b510dc,TCGA-55-6712,3465,430,0.1240981240981241,0,0.0,2,0.0005772005772005772,20,0.005772005772005772,107,0.03088023088023088,2906,0.8386724386724387
TCGA-55-6972-01Z-00-DX1.0b441ad0-c30f-4f63-849a-36c98d6e2d3b,TCGA-55-6972,2099,1723,0.820867079561696,9,0.004287756074321105,7,0.0033349213911386373,117,0.05574082896617437,0,0.0,243,0.11576941400666985
TCGA-55-6975-01Z-00-DX1.2762a872-b1c3-47fd-8ed5-b715a5b20163,TCGA-55-6975,3698,988,0.26717144402379667,75,0.020281233098972416,3,0.0008112493239588967,34,0.009194159004867496,183,0.0494862087614927,2415,0.6530557057869119
TCGA-55-6978-01Z-00-DX1.2ef6d6aa-2a19-4bce-b845-cc83ac81a1c3,TCGA-55-6978,8185,5116,0.6250458155161881,0,0.0,8,0.0009773976786805131,687,0.08393402565668906,104,0.01270616982284667,2270,0.2773365913255956
TCGA-55-6979-01Z-00-DX1.9238436e-3886-4a10-86fe-26658967dff2,TCGA-55-6979,11922,5448,0.45697030699547053,187,0.01568528770340547,13,0.0010904210702902197,573,0.04806240563663815,295,0.02474417044120114,5406,0.45344740815299445
TCGA-55-6980-01Z-00-DX1.2f1d1858-42b9-4e3b-966d-2f3f429570a6,TCGA-55-6980,23885,9641,0.4036424534226502,340,0.014234875444839857,8,0.0003349382457609378,955,0.03998325308771195,289,0.012099644128113879,12652,0.5297048356709232
TCGA-55-6982-01Z-00-DX1.055aeec1-2fc1-4796-b5df-c159335e0300,TCGA-55-6982,4932,398,0.08069748580697486,354,0.07177615571776155,1,0.00020275750202757503,397,0.08049472830494728,154,0.031224655312246552,3628,0.7356042173560422
TCGA-55-6983-01Z-00-DX1.8f940a64-1f1b-4e6e-99ea-418175be2b3f,TCGA-55-6983,6396,1044,0.16322701688555347,175,0.02736085053158224,15,0.0023452157598499064,424,0.06629143214509069,135,0.021106941838649154,4603,0.7196685428392745
TCGA-55-6984-01Z-00-DX1.d53e387a-9618-4486-98f3-a75604f25a7d,TCGA-55-6984,25152,17098,0.6797868956743003,60,0.002385496183206107,48,0.0019083969465648854,799,0.03176685750636132,79,0.0031409033078880406,7068,0.2810114503816794
TCGA-55-6986-01Z-00-DX1.ae52d41e-3cd6-4d36-b04b-2ea7d29bd8da,TCGA-55-6986,9457,3566,0.37707518240456805,91,0.009622501850481125,25,0.0026435444644178916,1035,0.10944274082690071,14,0.0014803849000740192,4726,0.4997356455535582
TCGA-55-7227-01Z-00-DX1.e1a9e09c-4a50-4ee5-b1e4-2c7ae34dc913,TCGA-55-7227,7920,3750,0.4734848484848485,8,0.00101010101010101,2,0.0002525252525252525,149,0.018813131313131313,299,0.03775252525252525,3712,0.4686868686868687
TCGA-55-7283-01Z-00-DX1.0f716216-0a46-404e-a4d4-5bb6d7e3f0d1,TCGA-55-7283,5697,1194,0.2095839915745129,82,0.01439354045989117,3,0.000526592943654555,370,0.06494646305072846,115,0.020186062840091275,3933,0.6903633491311216
TCGA-55-7726-01Z-00-DX1.37df197b-d4fb-41c4-ac6a-72dbaa31027b,TCGA-55-7726,2869,554,0.19309864064133844,1,0.0003485535029627048,0,0.0,116,0.040432206343673754,172,0.05995120250958522,2026,0.7061693970024399
TCGA-55-7728-01Z-00-DX1.1d47a5fe-cab5-4d5a-a62b-16f345334d25,TCGA-55-7728,3475,886,0.25496402877697844,78,0.022446043165467625,5,0.0014388489208633094,206,0.05928057553956834,66,0.018992805755395685,2234,0.6428776978417267
TCGA-55-7903-01Z-00-DX1.40fc5dcb-b5bb-46b4-90bd-2eeb3ea880f5,TCGA-55-7903,2693,1405,0.5217229855180097,2,0.0007426661715558856,5,0.001856665428889714,148,0.054957296695135535,4,0.0014853323431117712,1129,0.41923505384329746
TCGA-55-7907-01Z-00-DX1.f5a264f5-3926-4d09-82f3-cd38d554f3db,TCGA-55-7907,10997,4583,0.4167500227334728,645,0.05865235973447304,0,0.0,292,0.026552696189869964,199,0.018095844321178504,5278,0.47994907702100575
TCGA-55-7911-01Z-00-DX1.081bc002-06ee-4218-a25f-26c0e6c4b333,TCGA-55-7911,7509,4658,0.6203222799307497,1,0.00013317352510320947,12,0.0015980823012385138,240,0.03196164602477027,257,0.034225595951524836,2341,0.3117592222666134
TCGA-55-7914-01Z-00-DX1.875bffe1-8c56-4c29-ab11-6840ee3a643c,TCGA-55-7914,2995,1758,0.5869782971619366,90,0.03005008347245409,2,0.000667779632721202,150,0.05008347245409015,3,0.001001669449081803,992,0.3312186978297162
TCGA-55-7995-01Z-00-DX1.fef24d04-35a0-4f57-8f51-7ad602a78871,TCGA-55-7995,5425,1850,0.34101382488479265,110,0.020276497695852536,141,0.02599078341013825,892,0.16442396313364055,500,0.09216589861751152,1932,0.3561290322580645
TCGA-55-8085-01Z-00-DX1.ff220eba-3515-4d2e-b317-76337dd3d206,TCGA-55-8085,2524,625,0.24762282091917592,2,0.000792393026941363,14,0.005546751188589541,171,0.06774960380348653,67,0.026545166402535656,1645,0.651743264659271
TCGA-55-8087-01Z-00-DX1.548f2800-8caf-4c0e-a7b5-6d3d28315d9c,TCGA-55-8087,6521,2326,0.35669375862597763,9,0.0013801564177273425,2,0.00030670142616163164,161,0.02468946480601135,185,0.028369881919950928,3838,0.5885600368041711
TCGA-55-8089-01Z-00-DX1.da4d99ff-4a7c-45a3-b79c-039c0c9e9712,TCGA-55-8089,1644,755,0.45924574209245744,1,0.0006082725060827251,1,0.0006082725060827251,73,0.04440389294403893,72,0.043795620437956206,742,0.451338199513382
TCGA-55-8091-01Z-00-DX1.0996c58a-6e93-4092-8cb8-014d548fe60c,TCGA-55-8091,6081,3184,0.52359809241901,107,0.017595790166091103,6,0.000986679822397632,145,0.02384476237460944,330,0.05426739023186976,2309,0.379707284986022
TCGA-55-8094-01Z-00-DX1.8dc29615-e124-4f17-81a1-c0b20c38d12c,TCGA-55-8094,2599,1109,0.42670257791458255,4,0.0015390534821085034,1,0.00038476337052712584,163,0.06271642939592151,91,0.03501346671796845,1231,0.47364370911889186
TCGA-55-8096-01Z-00-DX1.c833417d-10c1-4430-a241-d6f5496e1cd9,TCGA-55-8096,4604,1141,0.24782797567332754,18,0.003909643788010426,1,0.00021720243266724586,247,0.05364900086880973,19,0.0041268462206776714,3178,0.6902693310165073
TCGA-55-8207-01Z-00-DX1.2dafc442-f927-4b0d-b197-cc8c5f86d0fc,TCGA-55-8207,306,77,0.25163398692810457,0,0.0,0,0.0,52,0.16993464052287582,39,0.12745098039215685,138,0.45098039215686275
TCGA-55-8208-01Z-00-DX1.6eccb7e2-16e4-4d25-9a1e-b370e016020f,TCGA-55-8208,22773,11135,0.4889562200851886,188,0.008255390155008124,245,0.01075835419136697,1021,0.04483379440565582,187,0.008211478505247442,9997,0.43898476265753306
TCGA-55-8301-01Z-00-DX1.2A66E0FC-84F2-4DF8-B06E-D7CDD7AA82C7,TCGA-55-8301,850,379,0.44588235294117645,3,0.0035294117647058825,34,0.04,115,0.13529411764705881,1,0.001176470588235294,318,0.37411764705882355
TCGA-55-8505-01Z-00-DX1.D364C30D-BFB8-486B-A0D3-948FF8E90C3E,TCGA-55-8505,1177,476,0.40441801189464743,1,0.0008496176720475786,8,0.006796941376380629,178,0.15123194562446898,2,0.0016992353440951572,512,0.43500424808836025
TCGA-55-8506-01Z-00-DX1.A908E3D2-91F7-4DE2-98C9-95D1038B9F49,TCGA-55-8506,5018,737,0.14687126345157434,42,0.008369868473495417,0,0.0,148,0.02949382223993623,0,0.0,4091,0.815265045834994
TCGA-55-8508-01Z-00-DX1.96B173E2-A298-4017-9AEC-113E547A3272,TCGA-55-8508,25979,5245,0.2018938373301513,379,0.014588706262750684,28,0.0010777936025251165,7958,0.3063243388891027,348,0.013395434774240733,12021,0.46271988914122947
TCGA-55-8513-01Z-00-DX1.E21776FE-DF49-48D1-90D6-6F71D0764492,TCGA-55-8513,7106,1888,0.2656909653813679,50,0.007036307345904869,4,0.0005629045876723895,770,0.10835913312693499,156,0.02195327891922319,4238,0.5963974106388967
TCGA-55-8514-01Z-00-DX1.499CF563-B404-4061-9D1A-57954BBE2CE7,TCGA-55-8514,15852,5107,0.32216754983598284,33,0.002081756245268736,9,0.0005677517032551098,564,0.03557910673732021,134,0.008453192026242746,10005,0.6311506434519304
TCGA-55-8614-01Z-00-DX1.043DE2B5-A453-4570-8830-99170450658C,TCGA-55-8614,9394,2195,0.2336597828401107,109,0.011603150947413243,15,0.001596763891845859,319,0.03395784543325527,12,0.0012774111134766872,6744,0.7179050457738982
TCGA-55-8615-01Z-00-DX1.928CFCA6-059D-4901-8D6A-BC7D9486C29F,TCGA-55-8615,9125,2643,0.28964383561643836,18,0.0019726027397260273,34,0.003726027397260274,338,0.037041095890410956,372,0.04076712328767123,5720,0.6268493150684932
TCGA-55-8616-01Z-00-DX1.4F53B2AB-8221-4E67-80D2-7A8E3815B730,TCGA-55-8616,9317,3704,0.3975528603627777,373,0.04003434581946979,2,0.00021466137168616508,156,0.016743586991520877,95,0.010196415155092842,4987,0.5352581302994526
TCGA-55-A48X-01Z-00-DX1.A46C6373-8458-4D55-88C3-4C70A05F9F47,TCGA-55-A48X,2264,639,0.28224381625441697,0,0.0,84,0.037102473498233215,113,0.04991166077738516,2,0.0008833922261484099,1426,0.6298586572438163
TCGA-55-A48Y-01Z-00-DX1.D8735347-E060-439F-B5A1-1E47A958A392,TCGA-55-A48Y,3385,2132,0.629837518463811,89,0.026292466765140327,8,0.002363367799113737,122,0.03604135893648449,3,0.0008862629246676514,1031,0.3045790251107829
TCGA-55-A493-01Z-00-DX1.1CF94B85-7A64-4213-9B04-16504512DE2E,TCGA-55-A493,3932,1993,0.5068667344862665,279,0.07095625635808749,1,0.000254323499491353,103,0.02619532044760936,314,0.07985757884028484,1242,0.3158697863682604
TCGA-55-A494-01Z-00-DX1.8C7C4BE0-791A-47CA-B0A8-1935366350E0,TCGA-55-A494,18108,7384,0.40777556880936605,1179,0.06510934393638171,2,0.0001104484205875856,2215,0.12232162580075105,8,0.0004417936823503424,7320,0.4042412193505633
TCGA-55-A4DF-01Z-00-DX1.C945E1AD-BEF4-403F-BB11-BAC831D24CDA,TCGA-55-A4DF,5029,1525,0.30324120103400276,5,0.000994233446013124,64,0.012726188108967985,386,0.07675482203221316,165,0.032809703718433086,2884,0.5734738516603699
TCGA-55-A4DG-01Z-00-DX1.9CE9B7BE-48EF-44F1-9C25-F15700A3E5DE,TCGA-55-A4DG,2312,425,0.18382352941176472,6,0.0025951557093425604,2,0.0008650519031141869,106,0.045847750865051905,62,0.026816608996539794,1711,0.7400519031141869
TCGA-55-A57B-01Z-00-DX1.8D3C7063-3AF6-4839-A656-F844EC0AF9DB,TCGA-55-A57B,3878,1067,0.27514182568334195,536,0.13821557503867973,1,0.00025786487880350697,21,0.005415162454873646,126,0.032490974729241874,2127,0.5484785972150593
TCGA-56-6545-01Z-00-DX1.24a6678b-2dbf-4539-844e-1e3786c3fac3,TCGA-56-6545,8264,3897,0.4715634075508228,189,0.0228702807357212,1,0.00012100677637947725,477,0.05772023233301065,142,0.01718296224588577,3558,0.4305421103581801
TCGA-56-7222-01Z-00-DX1.f932abe9-4f5c-46d8-908b-29669681d2db,TCGA-56-7222,11505,2700,0.23468057366362452,110,0.009561060408518035,3,0.0002607561929595828,375,0.03259452411994785,9,0.0007822685788787483,8308,0.7221208170360712
TCGA-56-7582-01Z-00-DX1.81e6c419-f6a1-49cf-9a83-7c1a679fbfc6,TCGA-56-7582,9750,2947,0.30225641025641026,849,0.08707692307692308,5,0.0005128205128205128,437,0.04482051282051282,253,0.025948717948717948,5259,0.5393846153846154
TCGA-56-7731-01Z-00-DX1.e205943f-cb2e-4006-b3be-b07d95fea663,TCGA-56-7731,5276,2434,0.4613343442001516,158,0.029946929492039424,14,0.00265352539802881,171,0.032410917361637606,284,0.053828658074298714,2215,0.41982562547384383
TCGA-56-7823-01Z-00-DX1.354861d2-79f1-4b70-a74e-20cb0f78468e,TCGA-56-7823,6349,3061,0.4821231690029926,37,0.005827689399905497,1,0.00015750511891636477,225,0.03543865175618208,104,0.01638053236730194,2921,0.4600724523547015
TCGA-56-8083-01Z-00-DX1.140c8d5b-f660-4fef-b8da-6bb2c119c021,TCGA-56-8083,1856,639,0.3442887931034483,1,0.0005387931034482759,2,0.0010775862068965517,213,0.11476293103448276,215,0.11584051724137931,786,0.4234913793103448
TCGA-56-8308-01Z-00-DX1.48CAE02B-05B1-4681-B68C-DD32C414FD2D,TCGA-56-8308,23746,8414,0.3543333614082372,2259,0.09513181167354502,1133,0.04771329908195064,1535,0.06464246609955361,1057,0.04451276004379685,9348,0.3936663016929167
TCGA-56-8308-11A-01-TS1.a023d18f-e43f-45df-a283-335bae731a7c,TCGA-56-8308,3793,1187,0.3129448984972317,116,0.030582652254152385,12,0.0031637226469812814,2162,0.5699973635644608,121,0.03190087002372792,195,0.05141049301344582
TCGA-56-8503-01Z-00-DX1.87FEB654-FC88-4CDA-8F52-ACF0D9A19191,TCGA-56-8503,8577,1725,0.20111927247289263,420,0.04896817068905212,0,0.0,203,0.02366794916637519,89,0.010376588550775329,6140,0.7158680191209047
TCGA-56-8622-01Z-00-DX1.62B552C4-5CBE-4469-8DBB-E27497FF95F4,TCGA-56-8622,10411,1708,0.1640572471424455,39,0.0037460378445874558,3,0.0002881567572759581,454,0.043607722601094995,179,0.01719335318413217,8028,0.7711074824704639
TCGA-56-8623-01Z-00-DX1.119C11E2-16E4-48A9-B8BD-6F1E8CBFEBA1,TCGA-56-8623,22285,8024,0.360062822526363,283,0.01269912497195423,45,0.002019295490240072,2604,0.11684989903522548,375,0.016827462418667265,10954,0.49154139555754994
TCGA-56-A49D-01Z-00-DX1.1ECF40A0-1490-42B3-8924-A80E4ED35F93,TCGA-56-A49D,33266,21654,0.6509348884747189,845,0.025401310647507967,76,0.0022846149221427284,3552,0.10677568688751278,103,0.003096254433956592,7036,0.211507244634161
TCGA-56-A4BY-01Z-00-DX1.DCA0D153-7DB7-44FB-A87A-20931D36856A,TCGA-56-A4BY,11090,4379,0.3948602344454463,40,0.0036068530207394047,17,0.0015329125338142471,593,0.053471596032461675,117,0.010550045085662759,5944,0.5359783588818756
TCGA-56-A4ZJ-01Z-00-DX1.6BB25D9D-75E7-4B44-8560-8A3C3EC9F118,TCGA-56-A4ZJ,1840,607,0.3298913043478261,1,0.0005434782608695652,4,0.002173913043478261,276,0.15,119,0.06467391304347826,833,0.45271739130434785
TCGA-58-A46J-01Z-00-DX1.4BF4AAC3-2020-41EA-A181-5E90A23DA024,TCGA-58-A46J,29250,11748,0.40164102564102566,1143,0.03907692307692308,77,0.0026324786324786326,8101,0.27695726495726497,5,0.00017094017094017094,8176,0.2795213675213675
TCGA-60-2703-01Z-00-DX1.13cdede5-0135-4e05-9478-3b728cad247e,TCGA-60-2703,33936,10834,0.3192479962281943,136,0.004007543611504008,6,0.0001768033946251768,3840,0.11315417256011315,359,0.010578736445073079,18761,0.5528347477604904
TCGA-60-2709-01Z-00-DX1.ded10e7c-c1ca-4402-be0e-f3978994d4af,TCGA-60-2709,28663,7487,0.26120782890834876,194,0.00676830757422461,46,0.001604856435125423,881,0.03073648955098908,553,0.01929316540487737,19502,0.6803893521264348
TCGA-60-2710-01Z-00-DX1.45f8ef49-d5bb-404c-9ac5-c7882bc59b45,TCGA-60-2710,9335,4503,0.48237814675950724,116,0.01242635243706481,269,0.028816282806641672,625,0.06695232994108195,669,0.07166577396893412,3153,0.33776111408677023
TCGA-60-2711-01Z-00-DX1.186b9a92-fcae-45b6-a52c-e8da0c1a419c,TCGA-60-2711,31213,17255,0.5528145324063691,1237,0.03963092301284721,11,0.0003524172620382533,1367,0.04379585429148111,474,0.01518598020055746,10869,0.3482202928267068
TCGA-60-2719-01Z-00-DX1.e834671a-7468-4517-bf95-4e100f87e9a3,TCGA-60-2719,8525,3253,0.38158357771261,21,0.002463343108504399,1092,0.12809384164222873,791,0.09278592375366569,896,0.10510263929618768,2472,0.2899706744868035
TCGA-60-2722-01Z-00-DX1.f3781266-e8dc-4386-9702-5b29e6f2cfa3,TCGA-60-2722,10239,3725,0.36380505908780153,103,0.010059576130481493,435,0.042484617638441254,1177,0.11495263209297783,280,0.027346420548881728,4519,0.44135169450141615
TCGA-60-2726-01Z-00-DX1.3c30934b-c93a-4dad-9c44-b417eae17137,TCGA-60-2726,7117,1119,0.15722916959393002,4,0.0005620345651257552,1068,0.15006322888857665,429,0.06027820710973725,623,0.08753688351833638,3874,0.544330476324294
TCGA-62-A46R-01Z-00-DX1.AD823FBA-A63F-4D36-8B84-2C995DE5FC47,TCGA-62-A46R,22654,18631,0.822415467467114,86,0.0037962390747770815,159,0.0070186280568553016,924,0.04078749889644213,228,0.010064447779641564,2626,0.11591771872516995
TCGA-63-5128-01Z-00-DX1.7D6C6ABF-D035-4F48-811B-629A0B4AD597,TCGA-63-5128,3296,1482,0.4496359223300971,14,0.00424757281553398,6,0.0018203883495145632,112,0.03398058252427184,83,0.025182038834951456,1599,0.4851334951456311
TCGA-63-7022-01Z-00-DX1.93EE6221-32E1-4E97-ABDB-E1814B655852,TCGA-63-7022,1188,379,0.31902356902356904,37,0.031144781144781145,16,0.013468013468013467,240,0.20202020202020202,110,0.09259259259259259,406,0.34175084175084175
TCGA-63-A5M9-01Z-00-DX1.4E04AC12-6DAC-4DA2-A991-AFCD42FA1CF2,TCGA-63-A5M9,929,206,0.2217438105489774,0,0.0,85,0.09149623250807319,157,0.1689989235737352,32,0.03444564047362755,449,0.48331539289558667
TCGA-63-A5MH-01Z-00-DX1.596077FF-9CE1-4EA7-9BB6-222C69872CA4,TCGA-63-A5MH,311,105,0.33762057877813506,21,0.06752411575562701,80,0.2572347266881029,37,0.1189710610932476,16,0.05144694533762058,52,0.16720257234726688
TCGA-63-A5MJ-01Z-00-DX1.4F060025-3A21-4FEB-8A63-F55A95BFBA30,TCGA-63-A5MJ,1559,332,0.21295702373316228,26,0.01667735728030789,135,0.08659397049390635,25,0.01603592046183451,147,0.09429121231558692,894,0.573444515715202
TCGA-63-A5MP-01Z-00-DX1.BBA62567-2E99-4AE4-83DB-DCF044F21C5E,TCGA-63-A5MP,4602,935,0.20317253368100827,81,0.017601043024771838,452,0.09821816601477619,284,0.061712299000434595,711,0.1544980443285528,2139,0.46479791395045633
TCGA-63-A5MS-01Z-00-DX1.F58D7779-B8E0-4086-AF14-256B812F83CE,TCGA-63-A5MS,2139,355,0.1659654043945769,67,0.031323048153342685,8,0.0037400654511453952,179,0.08368396446937822,124,0.057971014492753624,1406,0.6573165030388032
TCGA-63-A5MU-01Z-00-DX1.C80B700E-D924-4A6F-AC8E-D9C91D452A57,TCGA-63-A5MU,3492,725,0.20761741122565866,5,0.0014318442153493699,284,0.08132875143184422,494,0.14146620847651775,119,0.034077892325315,1865,0.534077892325315
TCGA-63-A5MV-01Z-00-DX1.72B97C7E-0AE9-468B-9E85-C98BA40CBBCB,TCGA-63-A5MV,3188,606,0.19008782936010038,24,0.0075282308657465494,67,0.021016311166875783,74,0.023212045169385194,111,0.034818067754077794,2306,0.7233375156838143
TCGA-64-1679-01Z-00-DX1.f9fd24ef-d51c-4530-9fb5-e8a8f09dba73,TCGA-64-1679,8996,2629,0.29224099599822145,9,0.0010004446420631393,6,0.0006669630947087594,629,0.06991996442863495,128,0.014228546020453535,5595,0.6219430858159182
TCGA-64-1681-01Z-00-DX1.fb0244f6-51a8-4da2-b45c-38d8e02edab7,TCGA-64-1681,5415,1682,0.3106186518928901,8,0.0014773776546629731,7,0.0012927054478301017,163,0.03010156971375808,234,0.043213296398891966,3321,0.6132963988919667
TCGA-64-5775-01Z-00-DX1.9A338C1A-CDB6-41AF-B6D5-EDE608B5E3E1,TCGA-64-5775,13539,10908,0.8056725016618658,52,0.0038407563335549153,8,0.0005908855897776793,437,0.032277125341605734,162,0.011965433192998006,1972,0.14565329788019796
TCGA-64-5778-01Z-00-DX1.96C39819-8A65-4651-BE83-39959F6FAD05,TCGA-64-5778,7755,5598,0.7218568665377176,4,0.0005157962604771116,4,0.0005157962604771116,478,0.06163765312701483,1,0.0001289490651192779,1670,0.21534493874919408
TCGA-64-5815-01Z-00-DX1.1E3600B5-7E83-47BE-AC70-E0C2D623740B,TCGA-64-5815,10544,2882,0.2733308042488619,91,0.008630500758725342,0,0.0,325,0.03082321699544765,162,0.015364188163884674,7084,0.6718512898330804
TCGA-66-2742-01Z-00-DX1.8fdd6990-a08c-457b-80e4-586c619a784e,TCGA-66-2742,10344,7149,0.6911252900232019,600,0.058004640371229696,31,0.002996906419180201,547,0.052880897138437744,401,0.03876643464810518,1616,0.15622583139984533
TCGA-66-2753-01Z-00-DX1.ae9d8372-adb8-46f9-a140-2f0a1ddff579,TCGA-66-2753,6531,4795,0.7341907824222936,188,0.028785790843668658,2,0.0003062318174858368,400,0.061246363497167354,109,0.016689634052978103,1037,0.15878119736640636
TCGA-66-2754-01Z-00-DX1.3cd19122-06f3-420e-9c3f-362225ff49eb,TCGA-66-2754,4970,2474,0.4977867203219316,104,0.020925553319919517,4,0.0008048289738430583,453,0.09114688128772636,45,0.009054325955734407,1890,0.38028169014084506
TCGA-66-2756-01Z-00-DX1.e6bda67d-2647-4751-9c16-b711933a1d6c,TCGA-66-2756,11381,5870,0.515771900535981,1952,0.17151392671997187,0,0.0,223,0.019594060275898426,304,0.02671118530884808,3032,0.2664089271593006
TCGA-66-2757-01Z-00-DX1.fa182184-fbf1-46ab-bdae-6f383441fd85,TCGA-66-2757,3891,1691,0.43459264970444617,96,0.02467232074016962,18,0.004626060138781804,174,0.04471858134155744,430,0.11051143664867644,1482,0.3808789514263685
TCGA-66-2759-01Z-00-DX1.10135ce3-22d5-4802-907d-057fe54f5554,TCGA-66-2759,10174,6166,0.6060546491055632,422,0.04147827796343621,0,0.0,303,0.02978179673678003,264,0.02594849616669943,3019,0.29673678002752113
TCGA-66-2763-01Z-00-DX1.99bc6dec-4e57-45bb-8d94-4dc38657d852,TCGA-66-2763,8386,4061,0.4842594800858574,872,0.10398282852373003,2,0.00023849272597185786,367,0.04376341521583592,149,0.01776770808490341,2935,0.3499880753637014
TCGA-66-2769-01Z-00-DX1.101b6493-a7b3-42cf-ae2f-a90948f3fb8f,TCGA-66-2769,7924,5130,0.6474003028773346,163,0.020570418980312973,0,0.0,433,0.05464411913175164,57,0.007193336698637052,2141,0.27019182231196365
TCGA-66-2770-01Z-00-DX2.58f25170-ac3a-471a-80a0-0586f2ae1669,TCGA-66-2770,5754,2343,0.40719499478623566,513,0.08915537017726799,1,0.0001737921445950643,399,0.06934306569343066,68,0.011817865832464372,2430,0.42231491136600624
TCGA-66-2780-01Z-00-DX1.895b75f9-6127-49f9-8106-0161b5de18ec,TCGA-66-2780,7037,3110,0.44194969447207616,754,0.10714793235753872,5,0.0007105300554213443,588,0.0835583345175501,259,0.036805456870825634,2321,0.329828051726588
TCGA-66-2781-01Z-00-DX1.ed9ff5b7-7c66-4bf7-bfb5-ca48b9e1a54e,TCGA-66-2781,6054,2609,0.43095474066732736,58,0.00958044268252395,3,0.0004955401387512388,1305,0.2155599603567889,21,0.003468780971258672,2058,0.3399405351833499
TCGA-66-2791-01Z-00-DX1.7ae2b6ab-5284-4772-bc1e-fd608f70e583,TCGA-66-2791,7552,5002,0.6623411016949152,1251,0.16565148305084745,9,0.0011917372881355933,598,0.0791843220338983,94,0.012447033898305085,598,0.0791843220338983
TCGA-66-2792-01Z-00-DX1.988d556c-f65e-4cae-892d-4dfe046ea626,TCGA-66-2792,4144,2776,0.6698841698841699,104,0.025096525096525095,4,0.0009652509652509653,309,0.07456563706563707,1,0.00024131274131274132,950,0.22924710424710426
TCGA-66-2794-01Z-00-DX1.933c35d1-b63f-44ba-928a-1f49c7fbc452,TCGA-66-2794,8754,5473,0.6251999086132054,171,0.019533927347498287,5,0.0005711674663011195,663,0.07573680603152845,68,0.007767877541695225,2374,0.27119031299977153
TCGA-66-2795-01Z-00-DX1.4141cb69-b675-49c4-85c5-21d630b5143d,TCGA-66-2795,9003,4347,0.4828390536487837,663,0.07364211929356881,3,0.0003332222592469177,441,0.048983672109296904,0,0.0,3549,0.39420193268910364
TCGA-66-2800-01Z-00-DX1.19a7cec8-8894-4755-aa2c-ae5266800355,TCGA-66-2800,2459,350,0.1423342822285482,0,0.0,3,0.0012200081333875558,266,0.10817405449369663,75,0.030500203334688898,1765,0.7177714518096787
TCGA-67-3771-01Z-00-DX1.7B54D132-6AB7-4F2D-8BFF-33AFE83CF204,TCGA-67-3771,14401,6664,0.4627456426637039,857,0.05950975626692591,2,0.00013887924449690992,442,0.030692313033817097,331,0.022984514964238596,6105,0.4239288938268176
TCGA-67-3772-01Z-00-DX1.CB05C5CC-2801-4BB9-94A0-83E9005BCA2E,TCGA-67-3772,16308,5317,0.3260363012018641,1367,0.08382389011528084,5,0.00030659798871719403,709,0.04347559480009811,145,0.008891341672798626,8765,0.5374662742212412
TCGA-67-3774-01Z-00-DX1.FE85FDCB-91D2-47C5-8D13-D622A51A7BE0,TCGA-67-3774,3378,2832,0.8383658969804618,4,0.0011841326228537595,1,0.0002960331557134399,213,0.0630550621669627,0,0.0,328,0.09709887507400829
TCGA-67-6216-01Z-00-DX1.04da6a64-bd3a-48ed-bc99-d651e00a1aa4,TCGA-67-6216,9764,6505,0.6662228594838181,204,0.020893076607947564,37,0.003789430561245391,415,0.04250307251126587,763,0.07814420319541171,1840,0.18844735764031134
TCGA-69-7760-01Z-00-DX1.7fc295e3-5bfc-4017-801c-491489d0eb34,TCGA-69-7760,25602,14391,0.5621045230841341,44,0.001718615733145848,76,0.0029685180845246467,694,0.027107257245527695,493,0.019256308100929615,9904,0.38684477775173814
TCGA-69-7763-01Z-00-DX1.33203e8a-43e9-4e3e-98ba-1ac08b80a44f,TCGA-69-7763,25397,12587,0.49560971768319095,1022,0.04024097334330826,24,0.0009449935031696657,1499,0.05902271921880537,224,0.00881993936291688,10041,0.3953616568886089
TCGA-69-7973-01Z-00-DX1.aefb015a-cb51-425f-a80f-cd51091a0ee3,TCGA-69-7973,21671,13354,0.6162152184947626,1406,0.06487933182594251,302,0.013935674403580822,4145,0.19126943842000832,162,0.007475427991324812,2302,0.10622490886438098
TCGA-69-7980-01Z-00-DX1.8bbf8cc0-eca7-49e5-a022-c22e3e6ed6dc,TCGA-69-7980,41966,9795,0.2334032311871515,407,0.009698327217271124,224,0.005337654291569366,2815,0.06707811085164181,716,0.01706143068198065,28009,0.6674212457703855
TCGA-69-8254-01Z-00-DX1.83a81d08-8c70-4f07-b4da-cbd17c4fe4d4,TCGA-69-8254,38171,14396,0.3771449529747714,12,0.0003143747871420712,67,0.0017552592282098975,8992,0.23557150716512534,92,0.0024102067014225457,14612,0.3828036991433287
TCGA-69-8255-01Z-00-DX1.75d1666c-c088-405c-80da-52d84b990361,TCGA-69-8255,26851,12791,0.47636959517336414,285,0.010614129827566944,176,0.006554690700532569,4565,0.1700122900450635,652,0.024282149640609287,8382,0.3121671446128636
TCGA-73-4659-01Z-00-DX1.578400cd-d284-451b-8fdf-9f82c1458276,TCGA-73-4659,26695,13483,0.5050758569020416,31,0.00116126615471062,26,0.0009739651620153587,421,0.015770743584941,436,0.016332646563026784,12298,0.46068552163326465
TCGA-73-4668-01Z-00-DX1.3470b27e-210f-4ff3-9dde-69aa85faa9ee,TCGA-73-4668,33599,22066,0.6567457364802524,106,0.0031548557992797403,22,0.0006547813923033424,1353,0.04026905562665555,47,0.0013988511562844131,10005,0.29777671954522456
TCGA-73-4675-01Z-00-DX1.1027587f-8ec4-4b8c-8768-ff7b669683e0,TCGA-73-4675,32191,24384,0.7574787984219191,2988,0.09282097480662296,3,9.319374980584636e-05,200,0.00621291665372309,444,0.01379267497126526,4172,0.12960144139666366
TCGA-73-7498-01Z-00-DX1.5313bba9-7f6a-49b4-8d6e-a0f46a04f189,TCGA-73-7498,20881,11012,0.5273693788611656,63,0.0030170968823332216,1,4.789042670370193e-05,1208,0.05785163545807193,0,0.0,8597,0.4117139983717255
TCGA-75-5125-01Z-00-DX1.2E419CAF-E248-4959-951E-498D8054433E,TCGA-75-5125,3133,594,0.1895946377274178,44,0.014044047239067986,9,0.0028726460261729973,111,0.035429300989466964,135,0.043089690392594956,2240,0.7149696776252793
TCGA-75-6205-01Z-00-DX1.B75BC6BA-5196-4F62-BDA2-3F1D320ABD7C,TCGA-75-6205,2318,293,0.1264020707506471,0,0.0,23,0.00992234685073339,187,0.08067299396031061,146,0.06298533218291631,1669,0.7200172562553926
TCGA-75-6207-01Z-00-DX1.837B7B0F-424C-423B-9045-A905E7C1C54C,TCGA-75-6207,3801,395,0.10392002104709287,499,0.13128124177847936,29,0.007629571165482768,2071,0.5448566166798211,272,0.07156011575901079,535,0.14075243357011313
TCGA-75-6214-01Z-00-DX1.00424C13-65B8-4872-81EB-EE207AB3F78C,TCGA-75-6214,2504,1070,0.4273162939297125,58,0.0231629392971246,331,0.13218849840255592,110,0.0439297124600639,84,0.03354632587859425,851,0.33985623003194887
TCGA-75-7025-01Z-00-DX1.284477D7-4F47-4084-A15C-0A7E9571E3DF,TCGA-75-7025,1394,602,0.43185078909612623,13,0.009325681492109038,20,0.014347202295552367,168,0.12051649928263988,3,0.002152080344332855,588,0.4218077474892396
TCGA-75-7030-01Z-00-DX1.5DDF24B5-00D1-4418-A067-A9B609E15314,TCGA-75-7030,4590,2860,0.6230936819172114,8,0.0017429193899782135,84,0.018300653594771243,476,0.1037037037037037,21,0.004575163398692811,1141,0.2485838779956427
TCGA-77-7141-01Z-00-DX1.3263490a-cfba-43a8-8198-5139dbf00bf9,TCGA-77-7141,37096,15529,0.4186165624326073,2216,0.059736898857019625,596,0.016066422255768816,3742,0.10087340953202502,895,0.024126590467974985,14118,0.38058011645460427
TCGA-77-7337-01Z-00-DX1.e15727e3-e9c8-44a0-87bb-caeaeb00840c,TCGA-77-7337,35350,13860,0.3920792079207921,267,0.007553041018387553,14,0.00039603960396039607,1047,0.02961810466760962,279,0.007892503536067892,19883,0.5624611032531824
TCGA-77-8128-01Z-00-DX1.5831331a-8c82-4817-977e-1842250d9c7b,TCGA-77-8128,35865,9712,0.2707932524745574,155,0.004321762163669316,18,0.0005018820577164366,7005,0.19531576746131327,23,0.0006412937404154469,18952,0.5284260421023281
TCGA-78-7148-01Z-00-DX1.aac94f79-77f2-45e6-b0c3-0b103fecbb22,TCGA-78-7148,40658,16611,0.4085542820601112,1086,0.026710610457966452,104,0.0025579221801367504,5735,0.14105465099119485,492,0.01210093954449309,16630,0.4090215947660977
TCGA-78-7158-01Z-00-DX1.74db3dcd-2715-4ce7-8e48-30c8b7946ba0,TCGA-78-7158,35012,17644,0.5039415057694505,4164,0.11893065234776648,877,0.02504855478121787,1446,0.041300125671198444,246,0.007026162458585628,10635,0.3037529989717811
TCGA-78-7163-01Z-00-DX1.42880bdf-271d-41dd-aada-e7ec1156ff31,TCGA-78-7163,31078,3710,0.11937705129030182,949,0.03053607053220928,143,0.004601325696634275,1435,0.04617414248021108,1021,0.03285282193191325,23820,0.7664585880687302
TCGA-78-7540-01Z-00-DX1.25c29857-0d5f-4e52-be0c-32c6686b653f,TCGA-78-7540,18302,5932,0.3241175827778385,1041,0.05687902961424981,371,0.02027100863293629,1130,0.0617418861326631,290,0.015845262812807345,9538,0.521145230029505
TCGA-80-5607-01Z-00-DX1.94C9CF78-2F79-4A0B-8939-1CD9B915222D,TCGA-80-5607,3740,2204,0.5893048128342246,4,0.0010695187165775401,116,0.031016042780748664,153,0.04090909090909091,163,0.043582887700534756,1100,0.29411764705882354
TCGA-80-5608-01Z-00-DX1.CB85BA53-AF00-4C7D-8489-C2FF0F4F49AB,TCGA-80-5608,1542,607,0.39364461738002593,68,0.04409857328145266,153,0.09922178988326848,303,0.19649805447470817,52,0.03372243839169909,359,0.23281452658884566
TCGA-80-5611-01Z-00-DX1.31920706-8AF4-46D2-B1D4-7DD5AF4AAC77,TCGA-80-5611,7364,2291,0.3111080934274851,214,0.029060293318848452,99,0.013443780554046714,1411,0.19160782183595873,1194,0.1621401412275937,2155,0.29263986963606736
TCGA-83-5908-01Z-00-DX1.381c8f82-61a0-4e9d-982d-1ad0af7bead9,TCGA-83-5908,21112,13089,0.6199791587722622,224,0.010610079575596816,22,0.001042061386888973,1189,0.05631868131868132,93,0.00440507768093975,6495,0.3076449412656309
TCGA-85-6175-01Z-00-DX1.102f9bad-4084-4e3a-99e9-91e026ad9a62,TCGA-85-6175,17292,1962,0.11346287300485773,35,0.002024057367568818,14,0.0008096229470275272,4174,0.24138329863520702,416,0.02405736756881795,10691,0.618262780476521
TCGA-85-7710-01Z-00-DX1.8bcfe326-1c19-4ebe-879d-83e77739f006,TCGA-85-7710,14167,1620,0.11435025058233923,144,0.010164466718430154,4,0.000282346297734171,3174,0.22404178725206467,1266,0.08936260323286511,7959,0.5617985459165666
TCGA-85-7843-01Z-00-DX1.0aa90a1d-6039-482c-a489-8ee41cc70161,TCGA-85-7843,14418,2819,0.19551948952698017,51,0.0035372451102788183,17,0.0011790817034262728,1478,0.10251075045082536,521,0.036135386322652244,9532,0.6611180468858372
TCGA-85-7844-01Z-00-DX1.9035209b-75ae-4c9b-8edf-5851af490f29,TCGA-85-7844,19764,3863,0.19545638534709572,33,0.0016697024893746206,81,0.004098360655737705,2564,0.12973082371989475,1745,0.08829184375632464,11478,0.5807528840315725
TCGA-85-8072-01Z-00-DX1.3a0ad5a6-c93e-428c-94e7-809ceaf01ef1,TCGA-85-8072,22425,4025,0.1794871794871795,128,0.005707915273132664,117,0.0052173913043478265,5494,0.2449944258639911,1512,0.0674247491638796,11149,0.49716833890746936
TCGA-85-8350-01Z-00-DX1.F9A32453-2E24-4874-A1FA-67B4173ABF03,TCGA-85-8350,15077,5173,0.34310539231942694,3,0.0001989785766399151,9,0.0005969357299197453,787,0.05219871327187106,359,0.023811103004576506,8746,0.5800888770975658
TCGA-85-8351-01Z-00-DX1.E3340212-A6C4-4CB4-89A3-E632D3481BE4,TCGA-85-8351,22504,8785,0.39037504443654464,16,0.0007109847138286527,10,0.00044436544614290794,2097,0.09318343405616779,160,0.007109847138286527,11436,0.5081763242090295
TCGA-85-8352-01Z-00-DX1.47426016-95BC-49C0-9844-06A3A7EAE5D6,TCGA-85-8352,22681,16808,0.7410607997883691,41,0.0018076804373704863,9,0.00039680790088620434,782,0.03447819761033464,4,0.00017635906706053525,5037,0.222080155195979
TCGA-85-8353-01Z-00-DX1.2A333CFA-3D8A-41B2-9D08-8AAF431BFE54,TCGA-85-8353,29273,6144,0.2098862432958699,12,0.0004099340689372459,62,0.002117992689509104,1068,0.03648413213541489,536,0.01831038841253032,21451,0.7327913093977385
TCGA-85-8354-01Z-00-DX1.C9188133-08F4-43DD-BB60-6F7293CDB5B9,TCGA-85-8354,17539,3230,0.18416101260049034,0,0.0,0,0.0,8391,0.4784195222076515,187,0.01066195336108102,5731,0.3267575118307771
TCGA-85-8481-01Z-00-DX1.0f626863-3eb5-4b35-b4fe-22a03d767f15,TCGA-85-8481,30171,5689,0.18855854960060986,9,0.00029829969175698516,53,0.0017566537403466906,2270,0.0752378111431507,339,0.011235955056179775,21811,0.722912730767956
TCGA-85-8580-01Z-00-DX1.1b942bbe-2c6e-4411-8609-1725e5cb93da,TCGA-85-8580,37507,9769,0.2604580478310715,33,0.0008798357639907217,9,0.00023995520836110593,3901,0.10400725197963047,302,0.008051830325005999,23493,0.6263630788919402
TCGA-85-8582-01Z-00-DX1.ac10318b-f56e-4897-8355-076366fe8581,TCGA-85-8582,18661,4541,0.2433417287390815,9,0.0004822892663844381,146,0.007823803654680885,672,0.036010931890038046,1807,0.09683296715074219,11486,0.6155082792990729
TCGA-85-8584-01Z-00-DX1.859bb615-578f-4aad-b1e3-8c92b7e3ef2d,TCGA-85-8584,22379,8726,0.3899191206041378,8,0.00035747799276107065,10,0.0004468474909513383,2811,0.1256088297064212,593,0.02649805621341436,10231,0.45716966799231423
TCGA-85-A4CL-01Z-00-DX1.05BC31FF-3B88-489F-9BD2-5B2B31C72EDB,TCGA-85-A4CL,15959,5089,0.3188796290494392,43,0.002694404411303966,166,0.010401654238987406,950,0.05952753931950623,821,0.051444326085594336,8890,0.5570524468951689
TCGA-85-A4QR-01Z-00-DX1.B5E18F89-D5B4-4F51-BC7E-9FA868A6A443,TCGA-85-A4QR,13448,5354,0.39812611540749554,835,0.06209101725163593,8,0.000594883997620464,852,0.06335514574657941,1246,0.09265318262938727,5153,0.3831796549672814
TCGA-85-A50M-01Z-00-DX1.CFB67271-FC1B-4BA0-95DB-51D859D68D18,TCGA-85-A50M,21216,5557,0.26192496229260936,42,0.0019796380090497737,68,0.003205128205128205,1148,0.05411010558069382,1057,0.04982088989441931,13344,0.6289592760180995
TCGA-85-A513-01Z-00-DX1.9C4C6BA2-BBEB-4EC6-9A70-65B1F6198E1F,TCGA-85-A513,12269,4351,0.35463362947265464,2,0.00016301247045398973,85,0.006928029994294564,702,0.0572173771293504,35,0.0028527182329448203,7094,0.5782052327003016
TCGA-86-6562-01Z-00-DX1.5dea3015-e606-4837-9f99-ac14f0aa091b,TCGA-86-6562,21074,7762,0.3683211540286609,8,0.00037961469108854513,8,0.00037961469108854513,529,0.025102021448230045,155,0.0073550346398405615,12612,0.5984625605010914
TCGA-86-7711-01Z-00-DX1.f64dd9d8-b9ca-4d1f-9783-d1042979132d,TCGA-86-7711,32602,3616,0.11091344089319674,24,0.0007361511563707748,8,0.0002453837187902583,6333,0.1942518863873382,916,0.028096435801484573,21705,0.6657567020428194
TCGA-86-7953-01Z-00-DX1.847865ce-df59-4677-bac2-ee88a258fe4e,TCGA-86-7953,44946,7910,0.17598896453522003,122,0.002714368353134873,81,0.001802162595114137,9285,0.2065812308103057,6076,0.1351844435544876,21472,0.4777288301517376
TCGA-86-8074-01Z-00-DX1.0c34b434-8701-4060-a4ea-08a72371ee1e,TCGA-86-8074,32437,11553,0.35616733976631626,336,0.01035854117211826,46,0.0014181336128495238,7875,0.24277830872152173,2620,0.08077195794925549,10007,0.30850571877793875
TCGA-86-8076-01Z-00-DX1.e7378b2f-e20e-4d2f-a86c-3a8ead08a385,TCGA-86-8076,26006,10933,0.4204029839267861,697,0.02680150734445897,382,0.014688917942013381,4926,0.18941782665538723,2064,0.07936630008459586,7004,0.2693224640467584
TCGA-86-8279-01Z-00-DX1.fd12b60e-d181-454b-a655-298a973a849d,TCGA-86-8279,36516,7529,0.20618359075473766,5,0.00013692627889144485,14,0.00038339358089604556,13112,0.359075473764925,638,0.017471793186548363,15218,0.4167488224340015
TCGA-86-8280-01Z-00-DX1.52627b97-1cfa-4382-819b-949b58c0f995,TCGA-86-8280,48985,11550,0.2357864652444626,106,0.0021639277329794835,115,0.0023476574461569867,15908,0.32475247524752476,4623,0.09437582933551088,16683,0.34057364499336534
TCGA-86-8358-01Z-00-DX1.C50100F8-9414-4A06-BEDF-93E7B01B24D6,TCGA-86-8358,17515,8306,0.47422209534684556,5,0.00028546959748786756,15,0.0008564087924636027,534,0.030488153011704253,33,0.0018840993434199257,8622,0.4922637739080788
TCGA-86-8668-01Z-00-DX1.d720d486-02c7-4f98-8feb-e0e50a12c158,TCGA-86-8668,24781,12242,0.4940075057503733,3,0.0001210604898914491,5,0.00020176748315241515,3024,0.12202897381058068,513,0.020701343771437796,8994,0.3629393486945644
TCGA-86-8669-01Z-00-DX1.845b8b4e-6445-4da1-8275-42b765c024cc,TCGA-86-8669,26364,13783,0.5227962372932787,2,7.586102260658473e-05,220,0.008344712486724321,621,0.02355484751934456,463,0.017561826733424366,11275,0.42766651494462143
TCGA-86-8671-01Z-00-DX1.1fd0019c-df9d-48cc-9055-8de57759f273,TCGA-86-8671,4144,854,0.20608108108108109,1,0.00024131274131274132,10,0.002413127413127413,289,0.06973938223938224,81,0.019546332046332045,2909,0.7019787644787645
TCGA-90-7964-01Z-00-DX1.25D2CC5D-2383-41FE-B5D5-0ACFC0F8209B,TCGA-90-7964,13589,1223,0.08999926411067775,3,0.00022076679667378026,0,0.0,2980,0.21929501802928839,1592,0.11715358010155273,7791,0.5733313709618073
TCGA-90-A4ED-01Z-00-DX1.4F9CF7EC-D7CC-4AF6-A9C2-6BA7A02A9F84,TCGA-90-A4ED,5015,2531,0.5046859421734795,1,0.00019940179461615153,8,0.0015952143569292123,301,0.06001994017946161,308,0.061415752741774673,1866,0.3720837487537388
TCGA-90-A4EE-01Z-00-DX1.3FC7A945-7D20-4A50-9D9E-436924F1A103,TCGA-90-A4EE,3818,1153,0.30199057097957044,0,0.0,98,0.02566788894709272,484,0.12676794133053956,113,0.02959664745940283,1970,0.5159769512833945
TCGA-90-A59Q-01Z-00-DX1.9F4ABA20-E9F7-4524-874E-E8C42D84AFFE,TCGA-90-A59Q,4075,978,0.24,34,0.008343558282208589,237,0.05815950920245399,885,0.21717791411042944,429,0.1052760736196319,1512,0.37104294478527605
TCGA-91-A4BC-01Z-00-DX1.8D8783B1-D1BA-4970-B77B-3AED8506C487,TCGA-91-A4BC,2873,1073,0.37347720153150016,0,0.0,84,0.02923773059519666,123,0.04281239122868082,228,0.07935955447267665,1365,0.4751131221719457
TCGA-92-7340-01Z-00-DX1.e0b0240c-9b6c-4da9-b9cb-bc634051fc45,TCGA-92-7340,42641,13156,0.30852934968692103,65,0.001524354494500598,332,0.007785933725756901,13709,0.32149808869398,455,0.010670481461504186,14924,0.3499917919373373
TCGA-92-8064-01Z-00-DX1.72c1a8db-146c-4408-8d31-43baba769fdf,TCGA-92-8064,29321,13773,0.4697315916919614,163,0.005559155554039767,581,0.01981514955151598,2458,0.08383070154496777,683,0.023293884928890556,11663,0.39776951672862454
TCGA-93-A4JP-01Z-00-DX1.994E229B-5251-4F61-8C41-863047F3A136,TCGA-93-A4JP,23178,11308,0.4878764345500043,1144,0.049357149020623006,937,0.04042626628699629,1861,0.0802916558805764,544,0.023470532401415136,7384,0.31857796186038484
TCGA-94-7943-01Z-00-DX1.361fc645-89ae-4934-8c27-12907bc2a9ee,TCGA-94-7943,4075,728,0.17865030674846627,68,0.016687116564417178,4,0.00098159509202454,715,0.1754601226993865,141,0.03460122699386503,2419,0.5936196319018405
TCGA-97-7546-01Z-00-DX1.dad9871f-cdfb-424d-a5b2-4e0905c29137,TCGA-97-7546,18033,11550,0.6404924305440026,66,0.0036599567459657295,39,0.0021627017135252037,1000,0.05545389009038984,200,0.011090778018077969,5178,0.2871402428880386
TCGA-97-7547-01Z-00-DX1.3563966f-21ee-4405-9106-9e0bf8df9f1a,TCGA-97-7547,30299,7100,0.234331166045084,41,0.0013531799729364006,244,0.008053071058450774,930,0.030694082312947624,401,0.013234760223109673,21583,0.7123337403874715
TCGA-97-7552-01Z-00-DX1.a5ab8959-ff7a-4287-b014-87439957fb67,TCGA-97-7552,20692,10881,0.5258554030543205,391,0.018896191764933307,147,0.007104194857916103,2138,0.10332495650492944,545,0.02633868161608351,6590,0.31848057220181714
TCGA-98-7454-01Z-00-DX1.2d81415b-5edd-4dd8-b17b-849d732da4cd,TCGA-98-7454,10152,3478,0.3425925925925926,107,0.010539795114263199,1,9.850275807722617e-05,600,0.0591016548463357,294,0.028959810874704492,5672,0.5587076438140268
TCGA-98-A538-01Z-00-DX1.42BC06E8-8E8F-4CF0-A757-B5201BB2794F,TCGA-98-A538,6777,1826,0.2694407554965324,33,0.004869411243913236,115,0.016969160395455218,452,0.06669617824996311,398,0.05872805075992327,3953,0.5832964438542128
TCGA-98-A53B-01Z-00-DX1.5429DF3F-9F1C-4DEE-8A7A-CCB3E2BBDC8A,TCGA-98-A53B,6282,1071,0.17048710601719197,422,0.06717605858007004,38,0.0060490289716650745,167,0.026583890480738618,293,0.046641197070996496,4291,0.6830627188793378
TCGA-99-8028-01Z-00-DX1.23de89b1-67f8-41fb-980a-010ea190d687,TCGA-99-8028,4049,352,0.0869350456902939,0,0.0,0,0.0,379,0.09360335885403803,81,0.0200049394912324,3237,0.7994566559644357
TCGA-99-AA5R-01Z-00-DX1.4DE7FC30-D338-49CE-B8D9-EB0F34A3DD0B,TCGA-99-AA5R,7551,3377,0.4472255330419812,6,0.0007945967421533572,6,0.0007945967421533572,374,0.04952986359422593,2,0.00026486558071778574,3786,0.5013905442987684
TCGA-L4-A4E6-01Z-00-DX1.1B537DE0-2CE3-4B90-9ED3-71F1F8747EE9,TCGA-L4-A4E6,19190,7870,0.41010943199583116,49,0.002553413236060448,246,0.012819176654507556,1713,0.08926524231370506,580,0.030224075039082855,8732,0.45502866076081294
TCGA-L9-A5IP-01Z-00-DX1.E699D989-8BB8-41DF-9B95-A880858653E6,TCGA-L9-A5IP,17233,6653,0.3860616259502118,3621,0.21012011837753147,490,0.028433818835954274,758,0.04398537689317008,457,0.026518888179655312,5254,0.30488017176347704
TCGA-MF-A522-01Z-00-DX1.4934A011-8C04-43B7-A358-16AA64BB6B0C,TCGA-MF-A522,2077,676,0.3254694270582571,0,0.0,277,0.1333654309099663,138,0.06644198363023592,121,0.058257101588830046,865,0.41646605681271065
TCGA-MP-A4SW-01Z-00-DX1.A6651B25-A35A-4BDE-9EBF-D264A02003C8,TCGA-MP-A4SW,16897,7922,0.46884062259572706,158,0.009350772326448481,66,0.0039060188199088594,398,0.023554477126117062,248,0.0146771616263242,8105,0.47967094750547434
TCGA-MP-A4T4-01Z-00-DX1.5F72FF0B-59C0-4E95-A8C1-BF22A948F7AC,TCGA-MP-A4T4,12125,4609,0.38012371134020617,392,0.03232989690721649,32,0.0026391752577319587,445,0.036701030927835054,441,0.036371134020618555,6206,0.5118350515463918
TCGA-MP-A4TA-01Z-00-DX1.11DDADA4-B7A2-4216-9B18-7AD993AE12E4,TCGA-MP-A4TA,8267,2405,0.29091568888351277,286,0.03459537921857989,9,0.001088665779605661,317,0.03834522801499939,162,0.0195959840329019,5088,0.6154590540704004
TCGA-MP-A5C7-01Z-00-DX1.26E5FA5A-3E6D-4CD3-8FA2-F331B7012311,TCGA-MP-A5C7,18692,10757,0.5754868392895356,852,0.045580997218061206,202,0.010806762251230473,1633,0.08736357800128397,23,0.0012304729295955488,5225,0.2795313503102932
TCGA-NC-A5HF-01Z-00-DX1.6371242D-227A-4531-8BB3-FD1AABF770C9,TCGA-NC-A5HF,20135,8466,0.42046188229451203,162,0.008045691581822697,218,0.010826918301465111,1934,0.09605165135336478,1533,0.07613608145021107,7822,0.3884777750186243
TCGA-NC-A5HJ-01Z-00-DX1.0BC0D0C7-F3D3-463E-BA94-C4289D97F1D9,TCGA-NC-A5HJ,17304,10781,0.6230351363846509,59,0.0034096162736939437,436,0.025196486361534907,2119,0.12245723532131299,385,0.022249190938511326,3524,0.2036523347202959
TCGA-NC-A5HL-01Z-00-DX1.E40E17C1-42BA-4C02-AA01-0E2891B3174A,TCGA-NC-A5HL,19123,8712,0.4555770538095487,342,0.017884223186738483,486,0.02541442242325995,2668,0.13951785807666162,230,0.012027401558332897,6685,0.34957904094545833
TCGA-XC-AA0X-01Z-00-DX1.61A34BE0-F16B-4EC1-8E7F-7BF94F6629F4,TCGA-XC-AA0X,17661,7472,0.42307910084366684,564,0.03193477153049091,16,0.0009059509654039975,464,0.026272577996715927,396,0.02242228639374894,8749,0.4953853122699734
