case_barcode,n_tiles_total,n_micropapillary,pct_micropapillary,n_cribriform,pct_cribriform,n_papillary,pct_papillary,n_lepidic,pct_lepidic,n_solid,pct_solid,n_acinar,pct_acinar
TCGA-05-4250,6915,5736,0.8295010845986985,879,0.127114967462039,58,0.0083875632682574,179,0.0258857556037599,0,0.0,63,0.0091106290672451
TCGA-05-4426,8004,6842,0.8548225887056472,886,0.1106946526736631,25,0.0031234382808595,223,0.0278610694652673,0,0.0,28,0.0034982508745627
TCGA-05-5423,441,201,0.4557823129251701,0,0.0,77,0.1746031746031746,106,0.2403628117913832,22,0.0498866213151927,35,0.0793650793650793
TCGA-05-5428,358,34,0.0949720670391061,1,0.0027932960893854,4,0.0111731843575419,87,0.2430167597765363,44,0.1229050279329608,188,0.5251396648044693
TCGA-05-5715,444,104,0.2342342342342342,0,0.0,1,0.0022522522522522,292,0.6576576576576577,23,0.0518018018018018,24,0.054054054054054
TCGA-18-4083,35469,9946,0.2804138825453213,0,0.0,0,0.0,3971,0.1119569201274352,220,0.0062025994530435,21332,0.6014265978742
TCGA-18-4086,44777,9525,0.212720816490609,70,0.0015633025883824,2,4.466578823949796e-05,7523,0.1680103624628715,1372,0.0306407307322955,26285,0.5870201219376019
TCGA-21-1071,5273,1096,0.207851318035274,184,0.0348947468234401,6,0.0011378721790252,182,0.0345154560970984,204,0.0386876540868575,3601,0.6829129527783045
TCGA-21-1075,3745,623,0.1663551401869158,24,0.0064085447263017,4,0.0010680907877169,356,0.095060080106809,53,0.0141522029372496,2685,0.7169559412550067
TCGA-21-5786,9947,2110,0.2121242585704232,44,0.0044234442545491,3,0.000301598471901,617,0.0620287523876545,128,0.0128682014677792,7045,0.7082537448476928
TCGA-33-4538,36818,4041,0.1097560975609756,147,0.0039926123091965,3519,0.0955782497691346,1049,0.0284914987234504,10445,0.2836927589765875,17617,0.4784887826606551
TCGA-33-4582,7791,1446,0.1855987678090103,54,0.006931074316519,44,0.0056475420356821,173,0.0222051084584777,62,0.0079579001411885,6012,0.7716596072391221
TCGA-33-6738,36051,6307,0.1749466034229286,41,0.0011372777454162,3060,0.0848797536822834,15496,0.4298355108041385,6198,0.1719231089290172,4949,0.1372777454162159
TCGA-37-3783,10509,7040,0.6699019887715292,6,0.0005709391949757,61,0.0058045484822533,1018,0.096869350080883,88,0.0083737748596441,2296,0.2184793986107146
TCGA-37-3789,13403,5087,0.3795418936059091,333,0.024845183914049,192,0.0143251510855778,818,0.0610311124375139,2242,0.167275982988883,4731,0.3529806759680668
TCGA-37-A5EN,11015,1769,0.1605991829323649,67,0.0060826146164321,47,0.0042669087607807,785,0.0712664548343168,525,0.0476622787108488,7822,0.7101225601452564
TCGA-38-4630,19508,14472,0.741849497641993,1,5.12610211195407e-05,1,5.12610211195407e-05,1072,0.0549518146401476,716,0.0367028911215911,3246,0.1663932745540291
TCGA-38-4632,9003,1648,0.1830500944129734,0,0.0,8,0.0008885926913251,231,0.0256581139620126,938,0.1041874930578696,6178,0.6862157058758191
TCGA-38-7271,11887,6624,0.5572474131404055,0,0.0,0,0.0,1370,0.11525195591823,469,0.0394548666610583,3424,0.2880457642803062
TCGA-39-5011,13652,1435,0.1051128039847641,44,0.003222970993261,1485,0.1087752710225608,2961,0.2168912979783182,888,0.0650454145912686,6839,0.5009522414298271
TCGA-39-5035,5208,135,0.0259216589861751,525,0.1008064516129032,417,0.0800691244239631,235,0.0451228878648233,309,0.059331797235023,3587,0.6887480798771122
TCGA-39-5040,32054,11995,0.3742122667997754,41,0.0012790915330379,23,0.0007175391526798,1972,0.0615211830036812,61,0.0019030386223248,17962,0.5603668808885006
TCGA-43-2578,8607,1598,0.185662832578134,79,0.0091785755780178,12,0.0013942140118508,4536,0.5270128964796096,249,0.0289299407459044,2133,0.2478215406064831
TCGA-43-3394,17787,3243,0.1823241693371563,183,0.0102884128858154,12,0.0006746500252993,2932,0.1648394895148142,2059,0.1157587001742845,9358,0.52611457806263
TCGA-43-3920,18189,6099,0.3353125515421408,2544,0.1398647534223981,39,0.0021441530595414,2490,0.1368959261091868,1005,0.0552531749958766,6012,0.330529440870856
TCGA-43-6647,8111,2938,0.3622241400567131,708,0.0872888669707804,4,0.0004931574405128,335,0.041301935642954,880,0.1084946369128344,3246,0.4001972629762051
TCGA-43-7656,11805,4216,0.35713680643795,350,0.0296484540448962,65,0.0055061414654807,1460,0.1236764083015671,950,0.0804743752647183,4764,0.4035578144853875
TCGA-43-A475,5973,3453,0.5781014565544952,44,0.007366482504604,1215,0.2034153691612255,99,0.0165745856353591,306,0.0512305374183827,856,0.1433115687259333
TCGA-44-2657,5732,1588,0.2770411723656664,13,0.0022679692951849,12,0.0020935101186322,1191,0.2077808792742498,395,0.0689113747383112,2533,0.4419050942079553
TCGA-44-3396,11637,4204,0.3612614935120735,403,0.0346309186216378,85,0.0073042880467474,349,0.0299905473919395,1978,0.1699750794878405,4618,0.3968376729397611
TCGA-44-3917,5666,3535,0.6238969290504766,322,0.0568302153194493,13,0.0022943875750088,1007,0.177726791387222,358,0.0631839039887045,431,0.0760677726791387
TCGA-44-5644,15851,2915,0.1839000693962526,1277,0.0805627405211027,31,0.0019557125733392,8860,0.5589552709608226,95,0.0059933127247492,2673,0.1686328938237335
TCGA-44-6144,3443,950,0.2759221609061865,7,0.0020331106593087,45,0.0130699970955562,675,0.196049956433343,8,0.0023235550392099,1758,0.5106012198663956
TCGA-44-6147,9392,3159,0.3363500851788756,151,0.0160775127768313,11,0.001171209540034,1243,0.13234667802385,638,0.0679301533219761,4190,0.4461243611584327
TCGA-44-6778,9737,2718,0.2791414193283352,46,0.0047242477149019,85,0.0087295881688405,737,0.0756906644757112,598,0.0614152202937249,5553,0.5702988600184862
TCGA-44-7662,2398,1132,0.4720600500417014,1,0.000417014178482,4,0.0016680567139282,177,0.0738115095913261,237,0.0988323603002502,847,0.3532110091743119
TCGA-44-7667,11450,4566,0.3987772925764192,668,0.0583406113537117,1,8.733624454148471e-05,1973,0.1723144104803493,559,0.0488209606986899,3683,0.3216593886462882
TCGA-44-7670,16734,6480,0.3872355683040516,241,0.0144018166606908,27,0.0016134815346002,5878,0.3512609059400023,2584,0.1544161587187761,1524,0.0910720688418788
TCGA-44-7671,4775,544,0.1139267015706806,349,0.073089005235602,0,0.0,1273,0.2665968586387434,85,0.0178010471204188,2524,0.528586387434555
TCGA-44-A47F,4160,831,0.1997596153846154,13,0.003125,524,0.1259615384615384,496,0.1192307692307692,266,0.0639423076923076,2030,0.4879807692307692
TCGA-44-A4SS,8392,2800,0.3336510962821735,140,0.0166825548141086,2,0.0002383222116301,419,0.0499285033365109,266,0.0316968541468064,4765,0.5678026692087702
TCGA-46-6025,15512,4272,0.2753996905621454,403,0.0259798865394533,0,0.0,257,0.0165678184631253,455,0.0293321299638989,10125,0.652720474471377
TCGA-49-4488,25267,7114,0.2815530138124827,32,0.0012664740570704,1369,0.0541813432540467,12401,0.4907982744290972,629,0.0248941306842917,3722,0.147306763763011
TCGA-49-4494,38889,8042,0.2067936948751575,9,0.0003255797127663,3005,0.0772712077965491,18514,0.4931543338127963,8279,0.212887963177248,17510,0.504467677169627
TCGA-49-4510,34453,21227,0.6161147069921342,110,0.0031927553478652,2873,0.0833889646765158,3117,0.0904710765390532,2742,0.0795866833076945,4384,0.127245813136737
TCGA-49-4514,35228,14287,0.4506513579156547,306,0.0086862722834109,7841,0.2225786306347223,4352,0.1414295194597337,3804,0.1484951399461295,12237,0.3473657318042466
TCGA-49-AAR4,13959,6396,0.4581990113905007,360,0.0257898130238555,1242,0.0889748549323017,3726,0.2669245647969052,524,0.037538505623612,1711,0.1225732502328247
TCGA-49-AARO,22106,14250,0.644621369763865,11,0.0004976024608703,1006,0.0455080068759612,1822,0.082421062155071,1119,0.0506197412467203,3898,0.176332217497512
TCGA-49-AARR,7117,2628,0.3692567092876211,5,0.0007025432064071,99,0.0139103554868624,768,0.107910636504145,306,0.0429956442321202,3311,0.4652241112828439
TCGA-50-6593,26301,14155,0.5381924641648607,569,0.0216341583970191,243,0.0092391924261434,2310,0.0878293601003764,181,0.0068818676095965,8843,0.3362229573020037
TCGA-51-4079,15700,3748,0.2387261146496815,12,0.000764331210191,12,0.000764331210191,687,0.0437579617834394,206,0.0131210191082802,11035,0.7028662420382166
TCGA-51-6867,8830,4013,0.4544733861834654,53,0.0060022650056625,36,0.0040770101925254,324,0.0366930917327293,259,0.0293318233295583,4145,0.4694224235560589
TCGA-55-5899,4473,1156,0.2584395260451598,1,0.0002235636038452,2,0.0004471272076905,581,0.1298904538341158,225,0.0503018108651911,2508,0.5606975184439973
TCGA-55-6543,16582,1983,0.1195875045229767,117,0.0070558436859244,10,0.0006030635628995,2948,0.1777831383427813,159,0.0095887106501025,11365,0.6853817392353154
TCGA-55-6712,3465,430,0.1240981240981241,0,0.0,2,0.0005772005772005,20,0.0057720057720057,107,0.0308802308802308,2906,0.8386724386724387
TCGA-55-6972,2099,1723,0.820867079561696,9,0.0042877560743211,7,0.0033349213911386,117,0.0557408289661743,0,0.0,243,0.1157694140066698
TCGA-55-6978,8185,5116,0.6250458155161881,0,0.0,8,0.0009773976786805,687,0.083934025656689,104,0.0127061698228466,2270,0.2773365913255956
TCGA-55-6983,6396,1044,0.1632270168855534,175,0.0273608505315822,15,0.0023452157598499,424,0.0662914321450906,135,0.0211069418386491,4603,0.7196685428392745
TCGA-55-6984,25152,17098,0.6797868956743003,60,0.0023854961832061,48,0.0019083969465648,799,0.0317668575063613,79,0.003140903307888,7068,0.2810114503816794
TCGA-55-7726,2869,554,0.1930986406413384,1,0.0003485535029627,0,0.0,116,0.0404322063436737,172,0.0599512025095852,2026,0.7061693970024399
TCGA-55-7903,2693,1405,0.5217229855180097,2,0.0007426661715558,5,0.0018566654288897,148,0.0549572966951355,4,0.0014853323431117,1129,0.4192350538432974
TCGA-55-7995,5425,1850,0.3410138248847926,110,0.0202764976958525,141,0.0259907834101382,892,0.1644239631336405,500,0.0921658986175115,1932,0.3561290322580645
TCGA-55-8094,2599,1109,0.4267025779145825,4,0.0015390534821085,1,0.0003847633705271,163,0.0627164293959215,91,0.0350134667179684,1231,0.4736437091188918
TCGA-55-8207,306,77,0.2516339869281045,0,0.0,0,0.0,52,0.1699346405228758,39,0.1274509803921568,138,0.4509803921568627
TCGA-55-8301,850,379,0.4458823529411764,3,0.0035294117647058,34,0.04,115,0.1352941176470588,1,0.0011764705882352,318,0.3741176470588235
TCGA-55-8513,7106,1888,0.2656909653813679,50,0.0070363073459048,4,0.0005629045876723,770,0.1083591331269349,156,0.0219532789192231,4238,0.5963974106388967
TCGA-55-8615,9125,2643,0.2896438356164383,18,0.001972602739726,34,0.0037260273972602,338,0.0370410958904109,372,0.0407671232876712,5720,0.6268493150684932
TCGA-55-A493,3932,1993,0.5068667344862665,279,0.0709562563580874,1,0.0002543234994913,103,0.0261953204476093,314,0.0798575788402848,1242,0.3158697863682604
TCGA-55-A4DF,5029,1525,0.3032412010340027,5,0.0009942334460131,64,0.0127261881089679,386,0.0767548220322131,165,0.032809703718433,2884,0.5734738516603699
TCGA-55-A57B,3878,1067,0.2751418256833419,536,0.1382155750386797,1,0.0002578648788035,21,0.0054151624548736,126,0.0324909747292418,2127,0.5484785972150593
TCGA-56-7222,11505,2700,0.2346805736636245,110,0.009561060408518,3,0.0002607561929595,375,0.0325945241199478,9,0.0007822685788787,8308,0.7221208170360712
TCGA-56-7823,6349,3061,0.4821231690029926,37,0.0058276893999054,1,0.0001575051189163,225,0.035438651756182,104,0.0163805323673019,2921,0.4600724523547015
TCGA-56-8083,1856,639,0.3442887931034483,1,0.0005387931034482,2,0.0010775862068965,213,0.1147629310344827,215,0.1158405172413793,786,0.4234913793103448
TCGA-56-8308,3793,1187,0.3129448984972317,116,0.0305826522541523,12,0.0031637226469812,2162,0.5699973635644608,121,0.0319008700237279,195,0.0514104930134458
TCGA-56-8503,8577,1725,0.2011192724728926,420,0.0489681706890521,0,0.0,203,0.0236679491663751,89,0.0103765885507753,6140,0.7158680191209047
TCGA-56-8622,10411,1708,0.1640572471424455,39,0.0037460378445874,3,0.0002881567572759,454,0.0436077226010949,179,0.0171933531841321,8028,0.7711074824704639
TCGA-56-A49D,33266,21654,0.6509348884747189,845,0.0254013106475079,76,0.0022846149221427,3552,0.1067756868875127,103,0.0030962544339565,7036,0.211507244634161
TCGA-56-A4BY,11090,4379,0.3948602344454463,40,0.0036068530207394,17,0.0015329125338142,593,0.0534715960324616,117,0.0105500450856627,5944,0.5359783588818756
TCGA-60-2703,33936,10834,0.3192479962281943,136,0.004007543611504,6,0.0001768033946251,3840,0.1131541725601131,359,0.010578736445073,18761,0.5528347477604904
TCGA-60-2709,28663,7487,0.2612078289083487,194,0.0067683075742246,46,0.0016048564351254,881,0.030736489550989,553,0.0192931654048773,19502,0.6803893521264348
TCGA-60-2711,31213,17255,0.5528145324063691,1237,0.0396309230128472,11,0.0003524172620382,1367,0.0437958542914811,474,0.0151859802005574,10869,0.3482202928267068
TCGA-60-2719,8525,3253,0.38158357771261,21,0.0024633431085043,1092,0.1280938416422287,791,0.0927859237536656,896,0.1051026392961876,2472,0.2899706744868035
TCGA-62-A46R,22654,18631,0.822415467467114,86,0.003796239074777,159,0.0070186280568553,924,0.0407874988964421,228,0.0100644477796415,2626,0.1159177187251699
TCGA-63-7022,1188,379,0.319023569023569,37,0.0311447811447811,16,0.0134680134680134,240,0.202020202020202,110,0.0925925925925925,406,0.3417508417508417
TCGA-63-A5MJ,1559,332,0.2129570237331622,26,0.0166773572803078,135,0.0865939704939063,25,0.0160359204618345,147,0.0942912123155869,894,0.573444515715202
TCGA-63-A5MP,4602,935,0.2031725336810082,81,0.0176010430247718,452,0.0982181660147761,284,0.0617122990004345,711,0.1544980443285528,2139,0.4647979139504563
TCGA-63-A5MS,2139,355,0.1659654043945769,67,0.0313230481533426,8,0.0037400654511453,179,0.0836839644693782,124,0.0579710144927536,1406,0.6573165030388032
TCGA-63-A5MU,3492,725,0.2076174112256586,5,0.0014318442153493,284,0.0813287514318442,494,0.1414662084765177,119,0.034077892325315,1865,0.534077892325315
TCGA-64-1681,5415,1682,0.3106186518928901,8,0.0014773776546629,7,0.0012927054478301,163,0.030101569713758,234,0.0432132963988919,3321,0.6132963988919667
TCGA-64-5775,13539,10908,0.8056725016618658,52,0.0038407563335549,8,0.0005908855897776,437,0.0322771253416057,162,0.011965433192998,1972,0.1456532978801979
TCGA-64-5778,7755,5598,0.7218568665377176,4,0.0005157962604771,4,0.0005157962604771,478,0.0616376531270148,1,0.0001289490651192,1670,0.215344938749194
TCGA-66-2742,10344,7149,0.6911252900232019,600,0.0580046403712296,31,0.0029969064191802,547,0.0528808971384377,401,0.0387664346481051,1616,0.1562258313998453
TCGA-66-2754,4970,2474,0.4977867203219316,104,0.0209255533199195,4,0.000804828973843,453,0.0911468812877263,45,0.0090543259557344,1890,0.380281690140845
TCGA-66-2757,3891,1691,0.4345926497044461,96,0.0246723207401696,18,0.0046260601387818,174,0.0447185813415574,430,0.1105114366486764,1482,0.3808789514263685
TCGA-66-2759,10174,6166,0.6060546491055632,422,0.0414782779634362,0,0.0,303,0.02978179673678,264,0.0259484961666994,3019,0.2967367800275211
TCGA-66-2769,7924,5130,0.6474003028773346,163,0.0205704189803129,0,0.0,433,0.0546441191317516,57,0.007193336698637,2141,0.2701918223119636
TCGA-66-2770,5754,2343,0.4071949947862356,513,0.0891553701772679,1,0.000173792144595,399,0.0693430656934306,68,0.0118178658324643,2430,0.4223149113660062
TCGA-66-2781,6054,2609,0.4309547406673273,58,0.0095804426825239,3,0.0004955401387512,1305,0.2155599603567889,21,0.0034687809712586,2058,0.3399405351833499
TCGA-66-2792,4144,2776,0.6698841698841699,104,0.025096525096525,4,0.0009652509652509,309,0.074565637065637,1,0.0002413127413127,950,0.2292471042471042
TCGA-66-2794,8754,5473,0.6251999086132054,171,0.0195339273474982,5,0.0005711674663011,663,0.0757368060315284,68,0.0077678775416952,2374,0.2711903129997715
TCGA-66-2795,9003,4347,0.4828390536487837,663,0.0736421192935688,3,0.0003332222592469,441,0.0489836721092969,0,0.0,3549,0.3942019326891036
TCGA-66-2800,2459,350,0.1423342822285482,0,0.0,3,0.0012200081333875,266,0.1081740544936966,75,0.0305002033346888,1765,0.7177714518096787
TCGA-69-7973,21671,13354,0.6162152184947626,1406,0.0648793318259425,302,0.0139356744035808,4145,0.1912694384200083,162,0.0074754279913248,2302,0.1062249088643809
TCGA-69-8255,26851,12791,0.4763695951733641,285,0.0106141298275669,176,0.0065546907005325,4565,0.1700122900450635,652,0.0242821496406092,8382,0.3121671446128636
TCGA-73-4659,26695,13483,0.5050758569020416,31,0.0011612661547106,26,0.0009739651620153,421,0.015770743584941,436,0.0163326465630267,12298,0.4606855216332646
TCGA-73-7498,20881,11012,0.5273693788611656,63,0.0030170968823332,1,4.789042670370193e-05,1208,0.0578516354580719,0,0.0,8597,0.4117139983717255
TCGA-75-7025,1394,602,0.4318507890961262,13,0.009325681492109,20,0.0143472022955523,168,0.1205164992826398,3,0.0021520803443328,588,0.4218077474892396
TCGA-75-7030,4590,2860,0.6230936819172114,8,0.0017429193899782,84,0.0183006535947712,476,0.1037037037037037,21,0.0045751633986928,1141,0.2485838779956427
TCGA-78-7158,35012,17644,0.5039415057694505,4164,0.1189306523477664,877,0.0250485547812178,1446,0.0413001256711984,246,0.0070261624585856,10635,0.3037529989717811
TCGA-78-7540,18302,5932,0.3241175827778385,1041,0.0568790296142498,371,0.0202710086329362,1130,0.0617418861326631,290,0.0158452628128073,9538,0.521145230029505
TCGA-85-7710,14167,1620,0.1143502505823392,144,0.0101644667184301,4,0.0002823462977341,3174,0.2240417872520646,1266,0.0893626032328651,7959,0.5617985459165666
TCGA-85-7844,19764,3863,0.1954563853470957,33,0.0016697024893746,81,0.0040983606557377,2564,0.1297308237198947,1745,0.0882918437563246,11478,0.5807528840315725
TCGA-85-8072,22425,4025,0.1794871794871795,128,0.0057079152731326,117,0.0052173913043478,5494,0.2449944258639911,1512,0.0674247491638796,11149,0.4971683389074693
TCGA-85-8351,22504,8785,0.3903750444365446,16,0.0007109847138286,10,0.0004443654461429,2097,0.0931834340561677,160,0.0071098471382865,11436,0.5081763242090295
TCGA-85-8354,17539,3230,0.1841610126004903,0,0.0,0,0.0,8391,0.4784195222076515,187,0.010661953361081,5731,0.3267575118307771
TCGA-85-8580,37507,9769,0.2604580478310715,33,0.0008798357639907,9,0.0002399552083611,3901,0.1040072519796304,302,0.0080518303250059,23493,0.6263630788919402
TCGA-85-8582,18661,4541,0.2433417287390815,9,0.0004822892663844,146,0.0078238036546808,672,0.036010931890038,1807,0.0968329671507421,11486,0.6155082792990729
TCGA-85-8584,22379,8726,0.3899191206041378,8,0.000357477992761,10,0.0004468474909513,2811,0.1256088297064212,593,0.0264980562134143,10231,0.4571696679923142
TCGA-86-7711,32602,3616,0.1109134408931967,24,0.0007361511563707,8,0.0002453837187902,6333,0.1942518863873382,916,0.0280964358014845,21705,0.6657567020428194
TCGA-86-7953,44946,7910,0.17598896453522,122,0.0027143683531348,81,0.0018021625951141,9285,0.2065812308103057,6076,0.1351844435544876,21472,0.4777288301517376
TCGA-86-8279,36516,7529,0.2061835907547376,5,0.0001369262788914,14,0.000383393580896,13112,0.359075473764925,638,0.0174717931865483,15218,0.4167488224340015
TCGA-86-8358,17515,8306,0.4742220953468455,5,0.0002854695974878,15,0.0008564087924636,534,0.0304881530117042,33,0.0018840993434199,8622,0.4922637739080788
TCGA-86-8669,26364,13783,0.5227962372932787,2,7.586102260658473e-05,220,0.0083447124867243,621,0.0235548475193445,463,0.0175618267334243,11275,0.4276665149446214
TCGA-90-A4EE,3818,1153,0.3019905709795704,0,0.0,98,0.0256678889470927,484,0.1267679413305395,113,0.0295966474594028,1970,0.5159769512833945
TCGA-91-A4BC,2873,1073,0.3734772015315001,0,0.0,84,0.0292377305951966,123,0.0428123912286808,228,0.0793595544726766,1365,0.4751131221719457
TCGA-92-8064,29321,13773,0.4697315916919614,163,0.0055591555540397,581,0.0198151495515159,2458,0.0838307015449677,683,0.0232938849288905,11663,0.3977695167286245
TCGA-94-7943,4075,728,0.1786503067484662,68,0.0166871165644171,4,0.0009815950920245,715,0.1754601226993865,141,0.034601226993865,2419,0.5936196319018405
TCGA-97-7552,20692,10881,0.5258554030543205,391,0.0188961917649333,147,0.0071041948579161,2138,0.1033249565049294,545,0.0263386816160835,6590,0.3184805722018171
TCGA-98-7454,10152,3478,0.3425925925925926,107,0.0105397951142631,1,9.850275807722616e-05,600,0.0591016548463357,294,0.0289598108747044,5672,0.5587076438140268
TCGA-98-A538,6777,1826,0.2694407554965324,33,0.0048694112439132,115,0.0169691603954552,452,0.0666961782499631,398,0.0587280507599232,3953,0.5832964438542128
TCGA-98-A53B,6282,1071,0.1704871060171919,422,0.06717605858007,38,0.006049028971665,167,0.0265838904807386,293,0.0466411970709964,4291,0.6830627188793378
TCGA-MP-A4T4,12125,4609,0.3801237113402061,392,0.0323298969072164,32,0.0026391752577319,445,0.036701030927835,441,0.0363711340206185,6206,0.5118350515463918
TCGA-NC-A5HJ,17304,10781,0.6230351363846509,59,0.0034096162736939,436,0.0251964863615349,2119,0.1224572353213129,385,0.0222491909385113,3524,0.2036523347202959
TCGA-XC-AA0X,17661,7472,0.4230791008436668,564,0.0319347715304909,16,0.0009059509654039,464,0.0262725779967159,396,0.0224222863937489,8749,0.4953853122699734
